orderid,orderdate,custname,custemail,custcountry,orderstatus,ordertotal,ordercreditcard,ordershipvia,shippingtotal
2,2023-03-24,Frayda Pepperd,fpepperd0@sciencedaily.com,Canada,delivered,228.39,Discover,RPS,12.05
3,2020-02-23,Loy Siberry,lsiberry1@so-net.ne.jp,Canada,delivered,76.87,Discover,USPS,6.27
4,2022-04-28,Carree Henworth,,Canada,pending,152.3,Discover,USPS,12.74
5,2019-11-22,Goldina Godsafe,ggodsafe3@dailymail.co.uk,United States,shipped,182.17,Amex,UPS,5.44
6,2022-05-03,Marris Chatten,mchatten4@csmonitor.com,Mexico,pending,208.28,Discover,RPS,2.16
7,2022-12-19,Logan Jacobsson,ljacobsson5@wufoo.com,United States,delivered,112.15,Amex,USPS,11.52
8,2019-06-05,Lilli Feares,lfeares6@shop-pro.jp,Mexico,pending,237.9,Discover,FedEX,4.48
9,2019-02-17,Lowrance Sigsworth,lsigsworth7@youtube.com,United States,delivered,141.94,Discover,USPS,7.31
10,2023-04-19,Libbi Spadari,lspadari8@dot.gov,Mexico,pending,160.79,Discover,RPS,16.52
11,2020-01-20,Renato Hue,rhue9@un.org,Canada,delivered,120.52,Visa,USPS,5.57
12,2022-03-03,Lucky Helstrip,lhelstripa@tmall.com,Mexico,delivered,202.07,Amex,UPS,18.57
13,2021-09-04,Debi Myrie,dmyrieb@unc.edu,United States,delivered,131.62,Amex,UPS,2.37
14,2022-02-27,Hyacinth Aveyard,haveyardc@ucoz.com,United States,pending,209.86,Amex,USPS,8.69
15,2019-01-11,Crin Blanket,cblanketd@newsvine.com,United States,delivered,85.46,Visa,UPS,14.22
16,2021-05-03,Margo Harkes,,Mexico,shipped,138.83,Visa,RPS,18.69
17,2022-10-07,Marabel Dumper,mdumperf@sciencedaily.com,United States,delivered,55.77,Visa,RPS,7.92
18,2022-07-15,Monte Tatum,mtatumg@vkontakte.ru,Mexico,delivered,122.79,Amex,UPS,15.03
19,2023-12-05,Lainey Milliken,lmillikenh@github.com,Canada,pending,242.94,Amex,UPS,10.23
20,2019-07-18,Norris Lubomirski,nlubomirskii@studiopress.com,Canada,pending,217.6,Mastercard,UPS,9.0
21,2021-10-20,Jo-anne Kelsell,jkelsellj@ox.ac.uk,United States,shipped,238.97,Amex,FedEX,11.84
22,2019-12-19,Hannis Ebanks,hebanksk@businesswire.com,Canada,shipped,109.9,Visa,UPS,15.77
23,2021-02-22,Phineas Dmtrovic,pdmtrovicl@army.mil,United States,delivered,168.53,Discover,FedEX,16.63
24,2021-08-09,Danyette Ainsley,dainsleym@google.pl,Canada,shipped,74.59,Visa,FedEX,10.22
25,2019-10-30,Lisette Jockle,ljocklen@de.vu,United States,shipped,169.8,Discover,FedEX,19.85
26,2020-01-12,Vergil Ainslee,vainsleeo@last.fm,United States,pending,134.32,Discover,UPS,1.27
27,2022-07-13,Curtice Pikesley,cpikesleyp@mysql.com,United States,pending,98.66,Discover,RPS,13.25
28,2020-12-27,Marven Stiebler,mstieblerq@mit.edu,United States,shipped,126.49,Visa,RPS,10.84
29,2022-11-20,Kiersten Andrichak,kandrichakr@ft.com,Mexico,pending,237.52,Discover,USPS,2.69
30,2020-08-03,Remington Assinder,rassinders@ebay.com,Mexico,delivered,99.52,Discover,RPS,14.55
31,2019-06-26,Helaine Wadhams,hwadhamst@washington.edu,Canada,pending,229.56,Discover,UPS,1.27
32,2023-12-26,Cara Kerr,ckerru@narod.ru,United States,pending,78.69,Visa,USPS,6.45
33,2022-12-25,Nat Gateland,ngatelandv@fema.gov,United States,delivered,223.65,Visa,UPS,9.65
34,2019-07-07,Peyter Cowerd,,United States,delivered,106.71,Mastercard,FedEX,9.87
35,2022-09-08,Falito Rableau,frableaux@jigsy.com,United States,delivered,238.96,Mastercard,FedEX,17.79
36,2020-02-21,Arni Kelner,akelnery@youku.com,United States,delivered,72.46,Discover,UPS,10.13
37,2020-06-14,Geraldine Antoney,gantoneyz@census.gov,United States,shipped,205.12,Amex,UPS,10.83
38,2020-01-16,Carling Kaplin,ckaplin10@theglobeandmail.com,Canada,shipped,161.03,Visa,USPS,15.49
39,2020-10-21,Claudine Seres,cseres11@wsj.com,Canada,shipped,167.55,Amex,FedEX,
40,2022-06-17,Hansiain Castanos,hcastanos12@zimbio.com,Mexico,shipped,214.4,Mastercard,RPS,10.8
41,2021-09-28,Albertina McQuilliam,amcquilliam13@answers.com,United States,pending,154.19,Mastercard,UPS,10.11
42,2019-05-29,Sandra Pye,spye14@scribd.com,Canada,pending,58.59,Amex,RPS,1.69
43,2023-05-24,Alaric McGibbon,amcgibbon15@discovery.com,Mexico,pending,248.17,Mastercard,USPS,1.12
44,2022-03-06,Marlin Klassmann,mklassmann16@nydailynews.com,Canada,shipped,115.27,Discover,RPS,3.91
45,2019-11-26,Ivory Bayfield,ibayfield17@pcworld.com,United States,shipped,206.15,Amex,FedEX,1.6
46,2023-02-07,Rivi Swinnard,rswinnard18@goo.ne.jp,United States,delivered,77.67,Mastercard,FedEX,5.9
47,2019-12-08,Bo Mewburn,bmewburn19@digg.com,Canada,pending,190.15,Amex,USPS,8.2
48,2019-12-22,Rebecca Thieme,rthieme1a@nbcnews.com,Canada,shipped,161.58,Discover,FedEX,18.01
49,2019-10-27,Aldrich O'Gaven,aogaven1b@cdbaby.com,Canada,delivered,83.61,Visa,UPS,13.42
50,2023-08-26,Fair Struther,fstruther1c@csmonitor.com,United States,delivered,179.69,Discover,USPS,9.39
51,2023-07-05,Jayme Godlee,jgodlee1d@google.com.au,United States,shipped,146.43,Amex,UPS,
52,2020-04-24,Staci Schukert,sschukert1e@berkeley.edu,United States,shipped,85.78,Amex,FedEX,8.59
53,2022-01-30,Adria Knewstubb,aknewstubb1f@senate.gov,Canada,shipped,125.64,Discover,RPS,19.64
54,2019-01-30,Fielding Brower,fbrower1g@yellowpages.com,United States,pending,212.23,Amex,RPS,11.0
55,2021-01-23,Van Tustin,vtustin1h@imgur.com,Mexico,delivered,212.4,Mastercard,RPS,13.23
56,2022-11-19,Bartel Gollin,bgollin1i@hostgator.com,United States,delivered,232.99,Visa,FedEX,11.79
57,2021-12-07,Cyrill Narraway,cnarraway1j@google.com.hk,Canada,delivered,183.14,Mastercard,USPS,4.56
58,2022-11-14,Edvard Ilem,,Canada,delivered,244.82,Visa,FedEX,16.36
59,2022-07-04,Chicky Manzell,cmanzell1l@acquirethisname.com,United States,delivered,154.98,Mastercard,RPS,7.8
60,2020-03-31,Lonee Furley,lfurley1m@who.int,United States,pending,187.71,Visa,FedEX,14.94
61,2019-05-17,Leshia Duchatel,lduchatel1n@printfriendly.com,Mexico,shipped,124.85,Mastercard,UPS,9.24
62,2022-02-07,Abbe Barcroft,abarcroft1o@noaa.gov,Mexico,delivered,135.72,Discover,RPS,3.58
63,2022-10-29,Kessiah Bortolazzi,kbortolazzi1p@phoca.cz,United States,delivered,128.99,Mastercard,UPS,9.98
64,2019-02-18,Jemmy Marfe,jmarfe1q@state.tx.us,Mexico,shipped,140.15,Discover,RPS,4.21
65,2023-10-14,Conant Haylock,chaylock1r@webs.com,United States,pending,197.83,Mastercard,RPS,17.98
66,2023-08-07,Nomi Henden,nhenden1s@ustream.tv,United States,delivered,56.48,Discover,UPS,19.66
67,2020-06-22,Boyce Slay,bslay1t@sciencedirect.com,United States,delivered,183.0,Amex,UPS,6.96
68,2023-06-24,Ruthy Kauffman,rkauffman1u@ameblo.jp,United States,delivered,244.2,Amex,RPS,7.97
69,2021-01-28,Jacynth Fursse,jfursse1v@mit.edu,United States,shipped,128.08,Visa,UPS,
70,2022-04-24,Mady Pickerin,mpickerin1w@bbb.org,United States,pending,222.43,Amex,RPS,17.71
71,2021-08-24,Tomasine Seath,tseath1x@mapy.cz,Mexico,shipped,97.8,Mastercard,RPS,14.13
72,2020-02-18,Gib Fleischer,gfleischer1y@jigsy.com,United States,delivered,175.38,Mastercard,UPS,10.72
73,2021-04-27,Scotty Hobgen,shobgen1z@jigsy.com,Mexico,delivered,68.32,Discover,USPS,4.07
74,2022-05-19,Hollie Hargreave,hhargreave20@kickstarter.com,United States,delivered,243.89,Mastercard,USPS,9.46
75,2021-04-04,Judie Shawell,jshawell21@cocolog-nifty.com,Mexico,pending,173.88,Amex,UPS,8.46
76,2022-09-29,Rockwell Neiland,rneiland22@nature.com,United States,shipped,99.23,Visa,RPS,10.21
77,2021-10-16,Arlinda Prosch,,Canada,shipped,153.92,Mastercard,FedEX,7.5
78,2020-08-24,Francklin Dobrowlski,fdobrowlski24@theguardian.com,Mexico,delivered,219.64,Discover,USPS,18.43
79,2021-10-01,Darnall Jedrzejewicz,djedrzejewicz25@sohu.com,Canada,delivered,183.75,Mastercard,USPS,13.48
80,2022-03-29,Taite Servante,tservante26@theglobeandmail.com,United States,delivered,227.86,Amex,USPS,4.63
81,2021-10-11,Letty Brothwell,lbrothwell27@smh.com.au,United States,delivered,214.15,Visa,UPS,5.13
82,2022-09-11,Zoe Pyford,zpyford28@youku.com,Canada,delivered,119.68,Mastercard,UPS,3.09
83,2022-08-27,Pepito Isherwood,pisherwood29@mashable.com,Mexico,shipped,148.09,Discover,FedEX,3.82
84,2022-05-29,Daphna Morrilly,dmorrilly2a@icio.us,United States,delivered,64.44,Discover,UPS,15.74
85,2021-09-05,Sorcha Lochead,slochead2b@wix.com,Canada,delivered,166.68,Discover,FedEX,14.87
86,2021-02-27,Cristiano Chiles,cchiles2c@bigcartel.com,Mexico,delivered,195.4,Amex,UPS,19.35
87,2019-03-01,Georgianne Spaduzza,gspaduzza2d@multiply.com,United States,pending,220.83,Discover,USPS,
88,2020-10-04,Lura Betteson,lbetteson2e@bloglovin.com,Canada,delivered,224.7,Mastercard,UPS,4.5
89,2019-10-15,Gretal Drugan,gdrugan2f@webs.com,United States,delivered,128.36,Amex,USPS,13.07
90,2022-06-25,Angelika Caroline,,Canada,delivered,160.29,Amex,RPS,15.56
91,2023-10-02,Gardy Issacson,gissacson2h@123-reg.co.uk,Canada,delivered,90.23,Discover,UPS,13.56
92,2022-06-15,Kipper Durrett,,Canada,shipped,84.76,Mastercard,USPS,6.76
93,2020-05-01,Mahalia Briars,mbriars2j@buzzfeed.com,United States,delivered,102.42,Discover,UPS,
94,2020-06-10,Christoph Downs,cdowns2k@technorati.com,United States,delivered,55.9,Mastercard,RPS,11.12
95,2022-12-22,Rhianna Fabbro,rfabbro2l@amazon.co.uk,United States,delivered,81.71,Visa,UPS,13.1
96,2020-03-10,Madella McGennis,mmcgennis2m@oaic.gov.au,United States,delivered,232.99,Amex,USPS,13.73
97,2023-11-13,Lina Sabathier,,United States,delivered,69.78,Amex,FedEX,1.67
98,2022-01-06,Amelina Veldens,aveldens2o@epa.gov,United States,pending,131.75,Amex,UPS,
99,2020-07-07,Dorelle Doncom,ddoncom2p@yandex.ru,United States,delivered,107.58,Visa,USPS,11.34
100,2020-06-17,Perla Van Dijk,pvan2q@nyu.edu,United States,pending,128.22,Visa,FedEX,13.19
101,2020-09-25,Bren Gadesby,bgadesby2r@google.com.au,United States,delivered,134.57,Discover,RPS,6.0
102,2019-02-20,Poul Ovill,povill2s@marriott.com,United States,delivered,126.38,Visa,UPS,6.3
103,2022-09-01,Kacie Dowle,kdowle2t@time.com,Mexico,pending,142.9,Amex,UPS,13.82
104,2021-08-15,Kory Windebank,kwindebank2u@walmart.com,Canada,delivered,195.3,Visa,UPS,5.69
105,2022-04-18,Ikey Ainslee,iainslee2v@independent.co.uk,Canada,delivered,168.19,Discover,RPS,
106,2021-11-23,Tansy Hargey,thargey2w@trellian.com,Canada,delivered,157.44,Mastercard,FedEX,11.29
107,2021-03-18,Cassandre Adkin,cadkin2x@deliciousdays.com,Canada,shipped,204.21,Amex,UPS,19.38
108,2020-08-11,Gray Julyan,gjulyan2y@microsoft.com,Canada,delivered,54.9,Mastercard,USPS,5.01
109,2021-12-22,Robin Hammer,rhammer2z@last.fm,United States,shipped,162.18,Mastercard,FedEX,15.05
110,2019-01-17,Glen Duddell,gduddell30@japanpost.jp,Canada,pending,196.44,Discover,FedEX,14.61
111,2019-08-03,Pavia Marshallsay,pmarshallsay31@addtoany.com,Canada,delivered,149.38,Amex,FedEX,
112,2022-02-11,Codi Pottell,cpottell32@furl.net,Canada,delivered,167.16,Amex,UPS,15.33
113,2021-02-05,Standford Roisen,sroisen33@rediff.com,United States,delivered,78.04,Visa,UPS,2.5
114,2019-11-27,Paddy Zuann,pzuann34@dot.gov,United States,delivered,74.8,Visa,USPS,18.12
115,2019-08-14,Lambert Espinos,lespinos35@soup.io,United States,pending,134.69,Discover,USPS,5.19
116,2022-02-06,Anni Van Rembrandt,avan36@java.com,Canada,delivered,77.25,Amex,RPS,19.89
117,2022-11-01,Rhys Erb,rerb37@php.net,Mexico,delivered,181.56,Amex,FedEX,8.42
118,2022-10-05,Mariette Trappe,mtrappe38@baidu.com,Mexico,delivered,53.64,Discover,USPS,4.11
119,2022-11-14,Fredi Gardiner,fgardiner39@cnet.com,Mexico,delivered,237.73,Mastercard,UPS,3.08
120,2022-06-22,Yuma Chapellow,ychapellow3a@narod.ru,United States,delivered,158.72,Mastercard,FedEX,17.4
121,2023-10-04,Wright Idle,widle3b@purevolume.com,United States,delivered,239.82,Visa,UPS,1.83
122,2019-11-07,Harmonie Bothram,hbothram3c@census.gov,United States,delivered,126.55,Amex,RPS,19.13
123,2023-06-21,Daphne Durbyn,ddurbyn3d@harvard.edu,United States,delivered,234.58,Mastercard,UPS,15.4
124,2020-05-19,Danielle Missen,dmissen3e@paypal.com,United States,delivered,181.83,Amex,RPS,11.92
125,2019-06-03,Saunder Antrack,santrack3f@ocn.ne.jp,Canada,delivered,66.73,Amex,FedEX,16.0
126,2021-01-19,Aksel Gilluley,agilluley3g@cloudflare.com,Mexico,delivered,218.11,Mastercard,USPS,
127,2023-06-05,Alfred Balsillie,,Mexico,delivered,76.54,Visa,RPS,7.42
128,2022-10-12,Heall Bonifazio,hbonifazio3i@cpanel.net,United States,shipped,142.17,Visa,RPS,8.21
129,2020-07-25,Carolynn Colomb,ccolomb3j@sbwire.com,United States,pending,204.76,Discover,USPS,7.3
130,2023-07-18,Leonora Walford,lwalford3k@bluehost.com,United States,delivered,196.98,Visa,FedEX,11.58
131,2023-06-08,Marcelo Hyndes,mhyndes3l@usnews.com,Mexico,shipped,172.36,Mastercard,UPS,13.3
132,2022-07-29,Jeannette Grass,jgrass3m@patch.com,Canada,delivered,149.61,Mastercard,USPS,17.65
133,2023-10-01,Katusha Amberg,,United States,pending,126.88,Amex,RPS,19.36
134,2023-08-26,Erin Signe,esigne3o@dailymotion.com,United States,delivered,109.18,Discover,USPS,16.6
135,2019-02-27,Yvor Robroe,yrobroe3p@reference.com,United States,delivered,194.3,Mastercard,RPS,7.59
136,2019-12-20,Brianna Tucknott,btucknott3q@vinaora.com,United States,pending,219.54,Amex,RPS,14.74
137,2020-08-04,Sherwood Fillon,sfillon3r@twitpic.com,Mexico,delivered,207.27,Amex,FedEX,8.36
138,2022-10-26,Jamey Veschambre,jveschambre3s@google.co.jp,United States,pending,151.19,Discover,FedEX,10.49
139,2022-09-02,Greta Diggell,gdiggell3t@exblog.jp,United States,delivered,238.89,Amex,FedEX,4.53
140,2022-10-13,Fritz De Mattei,fde3u@liveinternet.ru,United States,pending,139.12,Discover,USPS,4.1
141,2022-01-08,Tyrus Thorby,tthorby3v@webs.com,Canada,delivered,61.15,Visa,USPS,9.54
142,2021-06-04,Reese O'Cleary,rocleary3w@github.com,United States,pending,52.37,Mastercard,FedEX,14.1
143,2022-01-03,Jewell Hambelton,jhambelton3x@elpais.com,United States,delivered,67.65,Discover,USPS,11.82
144,2022-10-06,Asher Olivia,aolivia3y@vistaprint.com,Canada,pending,67.92,Mastercard,UPS,5.46
145,2019-06-15,Zedekiah Ellis,zellis3z@seesaa.net,Mexico,shipped,112.38,Amex,FedEX,5.12
146,2023-11-08,Kania Walter,kwalter40@upenn.edu,United States,pending,88.98,Discover,RPS,5.94
147,2023-08-29,Wiatt Humphery,whumphery41@adobe.com,United States,shipped,236.33,Discover,FedEX,5.86
148,2021-05-25,Buck Storcke,,United States,delivered,209.02,Discover,FedEX,15.8
149,2019-12-16,Franni Kesteven,fkesteven43@admin.ch,Canada,delivered,169.08,Mastercard,RPS,16.91
150,2020-01-18,Clara Piner,cpiner44@angelfire.com,Mexico,delivered,205.0,Discover,USPS,1.93
151,2020-07-02,Rosie Signore,rsignore45@businessweek.com,United States,delivered,105.85,Discover,UPS,12.04
152,2021-02-18,Suzi Mechem,smechem46@blinklist.com,Mexico,delivered,232.41,Visa,RPS,15.79
153,2023-01-11,Carrol Kuban,ckuban47@gizmodo.com,United States,shipped,147.67,Visa,USPS,17.2
154,2022-04-23,Ertha Allebone,eallebone48@upenn.edu,United States,delivered,101.38,Amex,FedEX,10.52
155,2023-01-13,Gib Bridden,gbridden49@reddit.com,Mexico,delivered,203.64,Mastercard,USPS,8.49
156,2019-08-16,Leslie Clausius,lclausius4a@army.mil,United States,delivered,187.54,Visa,FedEX,
157,2020-08-29,Tremayne Sarsons,tsarsons4b@deviantart.com,Canada,delivered,189.78,Visa,FedEX,12.87
158,2021-08-10,Pearline Cranfield,pcranfield4c@wikispaces.com,Mexico,pending,98.52,Amex,UPS,18.93
159,2019-08-07,Jeremy Speight,jspeight4d@hubpages.com,United States,shipped,178.1,Mastercard,FedEX,15.76
160,2020-01-01,Howard Episcopi,hepiscopi4e@aol.com,United States,delivered,226.48,Discover,UPS,16.85
161,2020-08-14,Marsiella Vinick,mvinick4f@dion.ne.jp,United States,delivered,157.67,Amex,UPS,2.85
162,2019-11-08,Gretna Stapells,gstapells4g@cbslocal.com,United States,pending,55.96,Discover,FedEX,10.37
163,2022-09-06,Dex Rapelli,drapelli4h@vinaora.com,Mexico,shipped,85.2,Mastercard,USPS,7.5
164,2021-02-27,Angus Forth,aforth4i@ycombinator.com,Mexico,shipped,90.32,Mastercard,UPS,11.37
165,2019-12-25,Florrie Bosher,fbosher4j@soundcloud.com,United States,delivered,223.85,Amex,UPS,12.89
166,2021-12-10,Ianthe Munnery,imunnery4k@wsj.com,United States,shipped,123.69,Mastercard,RPS,6.62
167,2022-02-09,Spence Rioch,srioch4l@cdbaby.com,Canada,shipped,191.26,Amex,RPS,7.24
168,2020-05-25,Dickie Mainz,dmainz4m@nymag.com,Canada,delivered,131.21,Visa,RPS,12.81
169,2022-12-15,Victor Baddeley,vbaddeley4n@freewebs.com,Canada,delivered,150.45,Discover,USPS,17.02
170,2022-10-15,Claudetta Richin,crichin4o@domainmarket.com,United States,delivered,106.56,Visa,RPS,2.26
171,2023-04-24,Wat Roselli,wroselli4p@tiny.cc,Canada,shipped,156.19,Amex,USPS,13.58
172,2019-12-01,Jackie Rangell,jrangell4q@un.org,Canada,pending,107.61,Visa,RPS,7.87
173,2019-02-12,Durant Knightsbridge,dknightsbridge4r@google.de,United States,shipped,212.88,Discover,UPS,12.3
174,2020-12-05,Virgilio Eddison,veddison4s@hud.gov,United States,shipped,146.54,Visa,USPS,12.35
175,2022-01-20,Morena Alison,malison4t@creativecommons.org,Canada,pending,86.43,Visa,UPS,2.71
176,2019-11-10,Owen Andries,oandries4u@blog.com,Canada,delivered,154.01,Discover,UPS,5.0
177,2020-11-12,Ivett Carpenter,icarpenter4v@mozilla.com,Canada,shipped,211.5,Mastercard,UPS,16.99
178,2019-10-04,Cathee Gueinn,cgueinn4w@symantec.com,United States,delivered,210.24,Amex,RPS,7.99
179,2020-10-02,Marillin Kiljan,mkiljan4x@howstuffworks.com,United States,delivered,92.4,Visa,UPS,2.41
180,2019-04-25,Flss Elsbury,felsbury4y@quantcast.com,Canada,delivered,196.66,Mastercard,RPS,12.33
181,2021-03-01,Tiff Jonczyk,tjonczyk4z@goo.ne.jp,Mexico,delivered,55.22,Visa,UPS,2.09
182,2022-05-04,Alain Valde,avalde50@yellowbook.com,United States,delivered,209.12,Mastercard,RPS,2.35
183,2020-11-24,Janela Mirfin,jmirfin51@senate.gov,United States,shipped,166.56,Mastercard,UPS,12.53
184,2023-02-01,Etta Colwell,,Mexico,delivered,244.48,Mastercard,RPS,15.87
185,2022-01-22,Brion Hoult,bhoult53@php.net,Mexico,shipped,177.58,Discover,FedEX,15.47
186,2019-11-21,Adelaide McAlarney,,United States,shipped,237.8,Mastercard,UPS,15.04
187,2019-02-14,Cchaddie Tregunna,ctregunna55@google.it,Mexico,delivered,151.92,Mastercard,RPS,9.01
188,2023-12-27,Nowell Sacher,nsacher56@theglobeandmail.com,United States,pending,122.57,Mastercard,RPS,16.02
189,2020-09-05,Norbie Mussotti,nmussotti57@yellowpages.com,United States,delivered,53.15,Discover,UPS,7.22
190,2019-08-14,Eldredge Bollam,ebollam58@cam.ac.uk,Mexico,delivered,130.43,Amex,UPS,3.81
191,2020-07-11,Brig Asquith,basquith59@cyberchimps.com,United States,delivered,86.85,Mastercard,USPS,7.73
192,2021-05-27,Elvira Cramphorn,ecramphorn5a@google.co.uk,Mexico,shipped,224.76,Amex,UPS,2.96
193,2021-04-09,Amelina Oger,aoger5b@baidu.com,United States,shipped,198.92,Mastercard,USPS,17.85
194,2022-06-25,Selestina Sedgeman,ssedgeman5c@tripadvisor.com,United States,pending,237.59,Mastercard,RPS,6.65
195,2023-11-05,Christina Kliemchen,ckliemchen5d@dagondesign.com,United States,delivered,113.82,Mastercard,UPS,11.43
196,2019-03-01,Ivar Iiannone,iiiannone5e@youku.com,United States,delivered,148.02,Discover,FedEX,
197,2023-01-12,Justina Franceschi,jfranceschi5f@cisco.com,United States,delivered,230.7,Mastercard,RPS,9.69
198,2023-03-02,Dianemarie Corp,dcorp5g@comsenz.com,Canada,shipped,192.17,Mastercard,UPS,18.93
199,2019-11-10,Meredeth Clowney,mclowney5h@hostgator.com,Mexico,delivered,72.61,Amex,USPS,12.38
200,2021-09-01,Fraze Fanton,ffanton5i@ucoz.ru,United States,pending,169.2,Visa,UPS,14.81
201,2020-04-20,Jerrilyn Dioniso,jdioniso5j@printfriendly.com,Canada,shipped,224.26,Mastercard,USPS,
202,2022-11-26,Merna Prozescky,mprozescky5k@google.nl,Mexico,shipped,213.97,Amex,USPS,12.92
203,2022-03-13,Noll Forbear,nforbear5l@github.io,Canada,pending,191.94,Visa,USPS,1.26
204,2023-05-10,Fergus Simonian,fsimonian5m@sciencedaily.com,United States,delivered,73.68,Mastercard,RPS,9.09
205,2019-05-23,Donall Partkya,dpartkya5n@devhub.com,United States,shipped,75.78,Visa,FedEX,
206,2021-06-03,Francois Lockley,flockley5o@stumbleupon.com,Canada,pending,126.61,Mastercard,RPS,17.86
207,2020-11-14,Judah Buckthorp,jbuckthorp5p@nyu.edu,Mexico,delivered,217.64,Discover,RPS,18.11
208,2022-09-01,Consuela Leidecker,cleidecker5q@edublogs.org,Canada,pending,131.61,Visa,UPS,16.33
209,2019-12-21,Hildagard Leonida,hleonida5r@scientificamerican.com,United States,pending,70.8,Mastercard,FedEX,9.41
210,2022-11-26,Gabe Swynfen,gswynfen5s@usatoday.com,United States,delivered,191.34,Amex,USPS,8.35
211,2023-05-04,Gothart Cops,gcops5t@eventbrite.com,Canada,pending,129.56,Discover,UPS,3.21
212,2020-02-29,Calvin Urwen,curwen5u@so-net.ne.jp,United States,delivered,232.34,Amex,USPS,10.53
213,2021-11-27,Nissa de Grey,,Mexico,delivered,195.84,Discover,FedEX,13.89
214,2021-10-27,Jedediah De Laspee,jde5w@unc.edu,Canada,delivered,56.12,Discover,USPS,5.99
215,2022-02-28,Rasia Pahlsson,rpahlsson5x@ebay.co.uk,Canada,delivered,75.11,Visa,USPS,14.22
216,2023-04-17,Tera Arendt,tarendt5y@storify.com,United States,pending,170.34,Discover,USPS,17.5
217,2021-10-22,Chad Trahar,ctrahar5z@google.fr,United States,pending,148.91,Visa,UPS,9.67
218,2021-12-04,Alameda Rusk,arusk60@unesco.org,Mexico,delivered,93.87,Mastercard,RPS,18.88
219,2021-05-16,Jeremiah Rablen,jrablen61@europa.eu,Mexico,delivered,110.67,Discover,FedEX,9.32
220,2019-07-09,Dido Haggard,dhaggard62@dedecms.com,Canada,delivered,115.72,Visa,RPS,9.49
221,2019-02-20,Grazia Creamen,gcreamen63@omniture.com,Canada,pending,168.61,Visa,USPS,
222,2020-08-13,Anders Ballintyne,aballintyne64@globo.com,United States,delivered,219.79,Amex,USPS,13.14
223,2020-01-10,Ferrel Elliman,felliman65@free.fr,Canada,delivered,153.35,Visa,RPS,18.11
224,2020-08-04,Kerianne Bougourd,kbougourd66@angelfire.com,United States,shipped,128.49,Mastercard,RPS,12.85
225,2023-09-01,Kara Andrini,kandrini67@cam.ac.uk,United States,delivered,176.74,Visa,FedEX,2.77
226,2022-05-13,Thaxter Ginnane,tginnane68@goo.ne.jp,United States,delivered,138.18,Discover,UPS,9.09
227,2020-03-17,Hynda Danzey,hdanzey69@china.com.cn,Mexico,shipped,108.71,Visa,FedEX,2.72
228,2022-04-11,Lurlene Titchener,ltitchener6a@cisco.com,United States,delivered,208.13,Amex,FedEX,11.98
229,2023-10-18,Angelia Bridgement,abridgement6b@github.com,Mexico,delivered,223.79,Discover,USPS,18.76
230,2023-07-28,Catha Boness,,United States,delivered,181.12,Amex,USPS,4.67
231,2019-01-18,Margaret Parbrook,mparbrook6d@blogtalkradio.com,Canada,delivered,72.61,Mastercard,FedEX,7.21
232,2023-08-27,Odilia Longbone,olongbone6e@java.com,Mexico,pending,54.88,Amex,RPS,15.61
233,2019-10-18,Kris Nolder,knolder6f@mayoclinic.com,Mexico,shipped,246.66,Amex,USPS,5.05
234,2020-01-02,Noam Calderon,ncalderon6g@gravatar.com,Mexico,delivered,83.52,Mastercard,UPS,19.83
235,2021-08-18,Anderson Aronov,aaronov6h@harvard.edu,Mexico,delivered,234.25,Amex,USPS,6.81
236,2019-02-26,Jonie Warriner,jwarriner6i@shareasale.com,United States,pending,58.53,Discover,RPS,16.49
237,2021-03-15,Kori Revel,krevel6j@drupal.org,United States,delivered,163.61,Mastercard,USPS,10.88
238,2022-11-20,Farrel Fleisch,ffleisch6k@networksolutions.com,Canada,delivered,71.87,Discover,RPS,8.86
239,2023-11-13,Caro Espine,,Mexico,pending,228.98,Mastercard,FedEX,15.37
240,2019-02-13,Goran Gatty,ggatty6m@pen.io,United States,delivered,118.43,Amex,FedEX,15.1
241,2020-03-12,Molli Girkins,mgirkins6n@miibeian.gov.cn,United States,pending,143.37,Discover,UPS,13.71
242,2020-07-28,Herbie Cracie,hcracie6o@cbslocal.com,Canada,pending,53.11,Mastercard,FedEX,
243,2020-07-21,Kassi Borsnall,kborsnall6p@trellian.com,United States,delivered,147.11,Amex,USPS,8.02
244,2019-10-18,Deane Gullis,,United States,pending,73.3,Amex,UPS,2.44
245,2021-05-30,Feodor Rogeron,frogeron6r@seesaa.net,United States,delivered,110.11,Discover,USPS,11.98
246,2022-11-04,Nicolais McKeon,nmckeon6s@mozilla.org,Mexico,delivered,78.8,Mastercard,FedEX,7.87
247,2022-01-10,Clim Zanetto,czanetto6t@china.com.cn,United States,pending,192.39,Visa,USPS,1.14
248,2023-08-18,Jerome Witt,jwitt6u@hibu.com,Mexico,delivered,172.3,Discover,UPS,17.11
249,2020-06-01,Shela Strongitharm,sstrongitharm6v@theglobeandmail.com,Mexico,delivered,163.52,Mastercard,UPS,11.06
250,2023-02-21,Jake Dibling,jdibling6w@cloudflare.com,Canada,delivered,82.13,Discover,USPS,15.78
251,2019-10-18,Eleni Rigeby,erigeby6x@pcworld.com,Canada,pending,194.5,Amex,UPS,10.23
252,2023-02-25,Myrna Millichip,mmillichip6y@jimdo.com,Canada,shipped,169.03,Visa,UPS,13.07
253,2022-08-11,Kelsey Emerine,kemerine6z@springer.com,United States,pending,214.98,Mastercard,RPS,16.1
254,2019-07-13,Ariadne Hartfield,ahartfield70@icio.us,United States,pending,91.76,Amex,FedEX,7.5
255,2022-06-20,Carmelita Jumonet,cjumonet71@house.gov,United States,delivered,163.4,Mastercard,UPS,13.05
256,2023-08-29,Fina Seagrove,fseagrove72@apache.org,United States,pending,73.51,Amex,RPS,6.18
257,2019-07-29,Elsinore Rettie,,United States,delivered,210.99,Visa,USPS,7.67
258,2021-05-07,Ransom Floyde,rfloyde74@ehow.com,United States,delivered,193.84,Mastercard,FedEX,
259,2019-10-28,August Merington,amerington75@desdev.cn,Mexico,delivered,201.38,Visa,RPS,2.72
260,2022-07-15,Terrance Stormonth,tstormonth76@ibm.com,Mexico,delivered,236.51,Discover,USPS,4.41
261,2021-01-04,Kaila Urlich,kurlich77@senate.gov,United States,delivered,182.74,Mastercard,RPS,3.73
262,2020-03-21,Adriena Coates,acoates78@livejournal.com,Canada,delivered,58.44,Mastercard,USPS,2.34
263,2023-05-31,Wain Slaymaker,wslaymaker79@rambler.ru,United States,shipped,61.42,Discover,USPS,
264,2019-12-18,Renee Champkins,rchampkins7a@oracle.com,United States,pending,216.92,Amex,FedEX,2.32
265,2021-10-27,Madalyn Scudders,mscudders7b@digg.com,Mexico,shipped,102.39,Amex,FedEX,
266,2023-10-15,Algernon Gravenall,agravenall7c@ameblo.jp,United States,shipped,222.09,Visa,UPS,6.0
267,2021-11-25,Augustin Beazley,abeazley7d@dyndns.org,Canada,pending,242.0,Amex,RPS,9.04
268,2023-09-21,Donica Verden,dverden7e@github.com,Canada,delivered,180.49,Mastercard,USPS,8.87
269,2022-09-11,Remy Gaudon,,United States,delivered,92.78,Mastercard,RPS,17.02
270,2021-05-29,Tammi D'Onisi,tdonisi7g@i2i.jp,United States,delivered,147.29,Amex,UPS,11.66
271,2022-06-08,Halley Casey,hcasey7h@weebly.com,Canada,delivered,188.11,Visa,UPS,1.11
272,2023-11-29,Natassia Hugill,nhugill7i@businessweek.com,United States,delivered,104.95,Mastercard,USPS,9.8
273,2019-11-23,Jeanna Winchurst,jwinchurst7j@bbb.org,Canada,shipped,58.26,Visa,FedEX,12.27
274,2020-09-05,Minerva McIvor,mmcivor7k@nps.gov,United States,delivered,175.08,Mastercard,UPS,16.72
275,2020-10-17,Claire Bradlaugh,cbradlaugh7l@ifeng.com,Mexico,delivered,108.07,Amex,USPS,14.39
276,2022-01-05,Buck Kynge,bkynge7m@rakuten.co.jp,United States,delivered,243.76,Discover,FedEX,4.83
277,2019-11-06,Tamera Dayes,tdayes7n@artisteer.com,Canada,shipped,174.4,Amex,RPS,7.82
278,2019-04-11,Mathilda Hansley,mhansley7o@europa.eu,Mexico,delivered,237.65,Amex,UPS,12.9
279,2021-10-31,Reba Lago,rlago7p@seesaa.net,United States,pending,114.09,Visa,FedEX,11.4
280,2020-12-14,Arabele Pachta,,Canada,shipped,112.4,Amex,USPS,9.44
281,2021-06-26,Pace Simester,psimester7r@blogs.com,Canada,pending,127.99,Mastercard,FedEX,13.21
282,2021-04-30,Lowell Van Dalen,lvan7s@walmart.com,Canada,delivered,156.07,Visa,UPS,18.97
283,2023-01-25,Turner Clemow,tclemow7t@cbc.ca,United States,delivered,185.38,Discover,FedEX,3.26
284,2022-03-28,Harmon Scotford,hscotford7u@alexa.com,United States,shipped,203.92,Discover,RPS,3.68
285,2019-06-28,Devin Stratten,dstratten7v@delicious.com,United States,pending,225.33,Mastercard,FedEX,15.3
286,2019-08-24,Park O'Teague,poteague7w@storify.com,Mexico,pending,87.39,Visa,RPS,10.72
287,2019-03-28,Harry Hagley,hhagley7x@squarespace.com,Canada,shipped,121.65,Visa,FedEX,
288,2019-10-23,Cori Catto,ccatto7y@storify.com,Canada,delivered,216.85,Amex,USPS,4.39
289,2023-06-24,Whitaker Rowley,,United States,delivered,147.12,Amex,FedEX,2.74
290,2019-04-01,Gilberte Yves,gyves80@uol.com.br,United States,pending,82.88,Mastercard,USPS,6.59
291,2022-05-11,Jolyn Rizzello,jrizzello81@sfgate.com,Mexico,delivered,132.48,Visa,FedEX,12.33
292,2023-06-15,Louis Ruscoe,lruscoe82@wix.com,Mexico,pending,152.68,Amex,UPS,6.38
293,2019-11-19,Clarita Grzesiak,cgrzesiak83@drupal.org,Canada,shipped,227.27,Amex,UPS,8.54
294,2022-01-31,Edythe Watkin,,United States,pending,179.52,Mastercard,USPS,14.4
295,2023-11-03,Em Webley,ewebley85@reference.com,Mexico,delivered,173.73,Amex,USPS,2.06
296,2020-10-20,Grace Dietzler,gdietzler86@dmoz.org,United States,delivered,216.71,Amex,RPS,6.52
297,2023-09-03,Mireille Swinbourne,mswinbourne87@netlog.com,Canada,pending,52.77,Discover,USPS,10.33
298,2023-11-28,Justen Floyde,jfloyde88@techcrunch.com,Mexico,shipped,209.84,Visa,USPS,18.15
299,2022-07-02,Pandora Chomicz,pchomicz89@blogspot.com,Mexico,delivered,84.9,Mastercard,UPS,8.57
300,2021-08-27,Siouxie Conre,,United States,delivered,80.44,Discover,FedEX,10.76
301,2020-12-31,Devon Sharper,dsharper8b@icio.us,Mexico,delivered,192.78,Visa,RPS,14.45
302,2022-05-16,Kendell Aldous,kaldous8c@ucoz.ru,United States,shipped,114.56,Visa,RPS,9.07
303,2022-11-08,Caressa Philbrick,cphilbrick8d@icio.us,United States,pending,101.12,Amex,FedEX,11.36
304,2022-11-15,Marissa Burnes,mburnes8e@usgs.gov,Canada,delivered,114.28,Mastercard,FedEX,19.12
305,2023-09-12,Crystie Kee,ckee8f@tmall.com,United States,delivered,132.52,Discover,RPS,12.13
306,2019-02-14,Shandra Withinshaw,swithinshaw8g@amazon.de,United States,pending,175.04,Amex,UPS,14.25
307,2021-09-27,Coralyn Heister,cheister8h@a8.net,United States,delivered,208.21,Discover,RPS,5.0
308,2023-12-07,Felicdad Flegg,fflegg8i@apple.com,Canada,delivered,155.78,Mastercard,UPS,9.24
309,2022-05-18,Wynnie Ifill,wifill8j@symantec.com,Canada,delivered,50.52,Visa,RPS,5.79
310,2020-06-14,Ario Beale,abeale8k@friendfeed.com,Canada,shipped,223.08,Amex,FedEX,10.76
311,2019-06-18,Mohandas McCullum,mmccullum8l@comcast.net,Mexico,delivered,113.21,Visa,FedEX,13.46
312,2021-07-11,Esther Mateo,emateo8m@is.gd,United States,delivered,168.48,Amex,USPS,14.81
313,2023-05-08,Barbe Gerty,bgerty8n@ucoz.com,Mexico,delivered,190.06,Amex,USPS,7.37
314,2023-08-19,Gwen Spadari,gspadari8o@trellian.com,United States,delivered,228.82,Amex,UPS,5.68
315,2022-04-22,Marlie Backshaw,mbackshaw8p@samsung.com,Canada,delivered,206.71,Amex,USPS,6.78
316,2021-04-24,Portie Porch,pporch8q@ning.com,Mexico,shipped,181.46,Visa,FedEX,10.91
317,2021-10-09,Hervey Gietz,hgietz8r@nytimes.com,United States,delivered,126.29,Discover,RPS,15.19
318,2021-03-21,Meta McEllen,mmcellen8s@lulu.com,Canada,pending,146.06,Mastercard,FedEX,1.64
319,2020-02-20,Melodie Tamburo,mtamburo8t@springer.com,United States,shipped,82.72,Amex,RPS,7.11
320,2021-10-27,Larissa Matyasik,lmatyasik8u@issuu.com,United States,shipped,181.67,Mastercard,UPS,10.27
321,2023-01-28,Humfrid McCarl,hmccarl8v@theatlantic.com,Mexico,pending,156.08,Mastercard,USPS,8.0
322,2020-04-04,Gabrila Skune,gskune8w@walmart.com,United States,shipped,85.63,Visa,UPS,8.87
323,2023-10-27,Raynor Matyushkin,rmatyushkin8x@etsy.com,Mexico,delivered,145.04,Discover,UPS,5.67
324,2020-04-02,Hilton Pinnock,hpinnock8y@census.gov,United States,shipped,134.54,Visa,UPS,3.74
325,2022-12-25,Ardine Harborow,aharborow8z@noaa.gov,Canada,delivered,190.0,Amex,USPS,14.61
326,2019-02-20,Ardith Titman,atitman90@github.com,United States,pending,85.6,Amex,USPS,18.39
327,2022-06-24,Rodger Chadband,rchadband91@mapy.cz,United States,shipped,205.59,Discover,FedEX,11.18
328,2020-03-30,Vinni Finlan,vfinlan92@yale.edu,United States,delivered,239.51,Discover,RPS,4.33
329,2022-06-20,Lucine Maltman,lmaltman93@ucoz.com,United States,shipped,233.76,Visa,UPS,12.44
330,2019-02-26,Poul Durant,pdurant94@wisc.edu,Canada,pending,240.97,Visa,UPS,15.31
331,2019-05-10,Corabelle Stolze,cstolze95@dmoz.org,United States,delivered,209.49,Discover,UPS,8.41
332,2020-03-09,Kelsey Saywell,ksaywell96@constantcontact.com,Mexico,delivered,87.9,Visa,RPS,13.34
333,2021-02-13,Sutherland Eley,seley97@washingtonpost.com,United States,delivered,84.09,Visa,RPS,6.56
334,2022-10-14,Gage Neggrini,gneggrini98@oaic.gov.au,Mexico,pending,198.43,Mastercard,USPS,12.43
335,2019-08-06,Kort Wigzell,kwigzell99@dagondesign.com,United States,delivered,155.28,Amex,FedEX,11.9
336,2022-11-01,Hadrian Vedekhin,hvedekhin9a@businesswire.com,United States,delivered,238.1,Discover,USPS,17.1
337,2022-02-09,Laurie McEntagart,lmcentagart9b@aboutads.info,United States,pending,103.46,Amex,FedEX,6.58
338,2019-11-08,Land Percifer,lpercifer9c@arstechnica.com,Canada,shipped,154.33,Discover,RPS,4.08
339,2021-08-04,Keary Bulfoot,kbulfoot9d@eventbrite.com,United States,delivered,52.19,Amex,RPS,6.29
340,2020-07-29,Danny Castletine,dcastletine9e@parallels.com,United States,delivered,81.31,Discover,RPS,
341,2021-12-03,Shoshana Aplin,saplin9f@cdc.gov,Mexico,shipped,220.12,Discover,FedEX,5.15
342,2022-10-25,Brooke Caldecourt,bcaldecourt9g@businessweek.com,Canada,delivered,91.22,Mastercard,UPS,
343,2019-02-11,Gertruda Suttling,gsuttling9h@chicagotribune.com,Mexico,delivered,106.02,Discover,USPS,13.36
344,2022-09-02,Chalmers Tuxwell,ctuxwell9i@sina.com.cn,Mexico,pending,189.73,Discover,USPS,17.55
345,2019-04-18,Geordie Barnwille,,United States,pending,157.36,Mastercard,RPS,9.56
346,2020-12-15,Bobby Whitney,bwhitney9k@facebook.com,United States,shipped,80.88,Mastercard,USPS,18.98
347,2022-04-30,Clementius Easey,,Mexico,delivered,209.65,Visa,USPS,4.99
348,2019-11-04,Georgena East,geast9m@mit.edu,United States,pending,143.35,Mastercard,RPS,4.74
349,2021-04-02,Lesley Studdal,lstuddal9n@bandcamp.com,Canada,delivered,141.57,Visa,USPS,14.66
350,2019-12-07,Katrine Heggie,kheggie9o@usda.gov,Mexico,delivered,118.91,Visa,UPS,10.45
351,2020-03-20,Flem Cherry Holme,fcherry9p@baidu.com,United States,delivered,220.04,Amex,UPS,8.66
352,2022-05-07,Clare Petrushkevich,cpetrushkevich9q@irs.gov,Canada,shipped,66.94,Mastercard,UPS,15.55
353,2021-08-26,Maxine Aughton,maughton9r@unesco.org,Mexico,pending,123.7,Amex,RPS,10.31
354,2023-10-27,Neysa McTeague,nmcteague9s@about.me,Canada,shipped,233.31,Discover,UPS,19.6
355,2021-01-06,Cindra Stokell,cstokell9t@ocn.ne.jp,United States,delivered,186.87,Mastercard,FedEX,11.83
356,2022-11-01,Dayle Crawcour,dcrawcour9u@flavors.me,Canada,shipped,105.21,Amex,USPS,11.61
357,2021-11-29,Kurt Swinburne,kswinburne9v@usda.gov,United States,pending,232.89,Discover,RPS,1.99
358,2022-01-11,Lorettalorna Gallagher,lgallagher9w@unesco.org,Canada,shipped,66.44,Visa,RPS,
359,2023-09-08,Lorrie O'Shirine,loshirine9x@netvibes.com,United States,delivered,115.72,Mastercard,UPS,12.91
360,2019-12-09,Ferdie Sumnall,fsumnall9y@bigcartel.com,Canada,shipped,79.05,Mastercard,RPS,2.02
361,2021-06-23,Ced Kupka,ckupka9z@cnn.com,United States,delivered,215.92,Mastercard,USPS,13.71
362,2022-06-04,Arch Obispo,,United States,delivered,140.3,Discover,UPS,
363,2019-12-19,Emmie Kleinert,ekleinerta1@amazon.co.uk,Canada,delivered,208.27,Visa,RPS,15.67
364,2019-06-16,Robbyn Le Breton,,United States,delivered,154.79,Mastercard,RPS,8.47
365,2022-11-30,Anthiathia Terbeek,aterbeeka3@thetimes.co.uk,Mexico,delivered,84.51,Discover,USPS,2.74
366,2022-01-19,Woody Lauchlan,wlauchlana4@yahoo.co.jp,Canada,delivered,94.13,Mastercard,USPS,16.81
367,2023-02-24,Gwenneth Beagin,gbeagina5@bluehost.com,United States,delivered,146.21,Mastercard,USPS,8.61
368,2020-12-17,Georgeanne Dax,gdaxa6@hp.com,United States,delivered,81.06,Mastercard,RPS,4.34
369,2022-02-07,Barbabra Avrahm,bavrahma7@cafepress.com,Mexico,pending,70.77,Amex,UPS,11.76
370,2019-12-24,Zared Millions,zmillionsa8@squidoo.com,Mexico,shipped,126.02,Mastercard,RPS,16.71
371,2019-07-31,Kirsteni Chamberlain,kchamberlaina9@weather.com,United States,delivered,104.28,Mastercard,FedEX,12.47
372,2021-02-22,Sabina Brooksbank,sbrooksbankaa@house.gov,Mexico,pending,123.43,Amex,USPS,10.66
373,2022-11-19,Giles Garrold,ggarroldab@plala.or.jp,Mexico,delivered,111.81,Visa,UPS,5.15
374,2022-11-03,Theo Clipston,tclipstonac@dion.ne.jp,Canada,pending,129.67,Amex,UPS,3.68
375,2022-02-09,Beck Doohey,bdooheyad@163.com,Canada,pending,216.63,Discover,UPS,10.46
376,2020-12-29,Lilith Ber,lberae@archive.org,United States,shipped,88.22,Amex,USPS,3.13
377,2022-10-09,Ernestus Murrill,emurrillaf@flavors.me,Canada,delivered,207.83,Visa,RPS,7.92
378,2020-04-12,Gilberto Easman,geasmanag@hugedomains.com,United States,delivered,114.78,Mastercard,UPS,9.4
379,2019-02-07,Jordan Tolefree,jtolefreeah@wordpress.org,Mexico,delivered,83.4,Visa,UPS,13.98
380,2020-09-10,Ivan Taffrey,itaffreyai@cbsnews.com,Canada,delivered,189.55,Mastercard,UPS,9.11
381,2022-11-02,Laurel Larmett,llarmettaj@google.com.hk,United States,delivered,115.03,Discover,USPS,17.12
382,2021-11-21,Zachary Lafflina,zlafflinaak@chicagotribune.com,Canada,delivered,103.36,Mastercard,USPS,11.57
383,2023-11-26,Madel Instock,minstockal@bandcamp.com,United States,delivered,107.15,Mastercard,RPS,12.62
384,2023-03-28,Kacie Scaysbrook,kscaysbrookam@toplist.cz,United States,pending,54.4,Discover,USPS,9.83
385,2021-11-07,Avivah O'Ruane,,Canada,delivered,76.13,Mastercard,RPS,19.45
386,2021-03-19,Juan Merryfield,jmerryfieldao@acquirethisname.com,Mexico,delivered,197.84,Amex,USPS,11.74
387,2019-02-14,Noelyn Bains,nbainsap@archive.org,United States,delivered,50.77,Discover,FedEX,9.45
388,2022-01-19,Lenci Jaskowicz,ljaskowiczaq@mtv.com,United States,delivered,102.4,Amex,UPS,11.15
389,2021-09-09,Brendin Kiddey,bkiddeyar@canalblog.com,United States,delivered,57.72,Amex,FedEX,12.51
390,2020-08-27,Ulla Lemonby,ulemonbyas@whitehouse.gov,United States,delivered,121.32,Mastercard,UPS,8.55
391,2023-05-20,Annabelle Walby,awalbyat@loc.gov,Mexico,delivered,126.48,Amex,FedEX,11.98
392,2020-03-17,Roxie Diperaus,rdiperausau@cdbaby.com,Canada,delivered,120.64,Mastercard,FedEX,7.22
393,2022-12-10,Berthe Blick,bblickav@mac.com,United States,delivered,102.06,Discover,UPS,
394,2019-08-18,Audrie Anear,,Canada,delivered,237.55,Discover,UPS,7.32
395,2023-09-20,Halimeda Lenoir,hlenoirax@umn.edu,Canada,delivered,243.81,Amex,FedEX,19.08
396,2021-06-10,North Zambon,nzambonay@accuweather.com,Canada,delivered,117.45,Discover,USPS,7.65
397,2023-10-28,Sibilla Alty,saltyaz@etsy.com,Mexico,shipped,224.69,Amex,UPS,8.57
398,2023-04-13,Trever Wallsam,twallsamb0@woothemes.com,Canada,pending,176.15,Mastercard,USPS,12.53
399,2021-10-25,Titus Pinare,tpinareb1@studiopress.com,United States,pending,144.82,Mastercard,RPS,18.25
400,2023-06-21,Gertruda Eustace,geustaceb2@independent.co.uk,United States,delivered,52.18,Discover,FedEX,2.49
401,2021-12-07,Gill Cathie,,United States,shipped,212.39,Amex,RPS,11.34
402,2022-02-26,Nerte Bremmer,nbremmerb4@spiegel.de,Mexico,pending,95.88,Visa,UPS,19.1
403,2019-08-28,Mischa Lethley,mlethleyb5@dagondesign.com,United States,shipped,53.12,Amex,USPS,13.62
404,2023-10-17,Beau Cosans,bcosansb6@privacy.gov.au,Canada,delivered,191.28,Amex,FedEX,12.55
405,2019-06-28,Itch Duignan,iduignanb7@go.com,United States,delivered,192.14,Visa,UPS,16.43
406,2023-02-14,Luigi Corkell,lcorkellb8@rambler.ru,United States,pending,51.8,Mastercard,UPS,17.2
407,2023-09-06,Humfried Kershaw,hkershawb9@twitter.com,Canada,shipped,176.44,Discover,RPS,2.57
408,2022-07-08,Annis Kift,,United States,pending,155.01,Visa,USPS,13.41
409,2023-02-22,Bunnie Deerr,bdeerrbb@youku.com,Canada,delivered,181.6,Amex,UPS,2.45
410,2023-04-04,Alia Treverton,atrevertonbc@bloomberg.com,Mexico,delivered,185.12,Amex,USPS,12.35
411,2020-12-08,Darcey Pelfer,dpelferbd@de.vu,United States,delivered,115.73,Mastercard,FedEX,5.25
412,2022-01-10,Hersch Rahlof,hrahlofbe@foxnews.com,United States,delivered,111.09,Visa,RPS,13.0
413,2019-09-04,Cary Kelsow,ckelsowbf@salon.com,Mexico,delivered,195.3,Mastercard,UPS,15.47
414,2021-08-31,Kleon Denniss,kdennissbg@tripadvisor.com,United States,delivered,200.73,Discover,FedEX,13.38
415,2019-07-28,Berget Dance,bdancebh@howstuffworks.com,Canada,delivered,134.68,Discover,FedEX,8.23
416,2020-12-29,Daffi Shulem,dshulembi@illinois.edu,United States,pending,104.73,Discover,USPS,5.69
417,2021-07-18,Melli MacNeilley,mmacneilleybj@usgs.gov,Mexico,delivered,50.71,Discover,USPS,3.22
418,2023-02-02,Arne De Lasci,adebk@bbb.org,Mexico,shipped,66.62,Amex,RPS,4.24
419,2020-05-26,Angeli Rowberry,arowberrybl@cdbaby.com,United States,pending,194.24,Visa,USPS,2.66
420,2023-04-01,Sonja Durand,sdurandbm@live.com,Canada,shipped,222.73,Mastercard,USPS,5.14
421,2019-03-28,Pippa Ceci,pcecibn@4shared.com,Canada,delivered,196.12,Visa,USPS,11.14
422,2019-09-19,Ortensia Cuseck,ocuseckbo@google.com.hk,United States,pending,62.92,Mastercard,RPS,11.33
423,2019-08-29,Ruddy McRae,rmcraebp@soup.io,United States,delivered,164.13,Mastercard,USPS,14.08
424,2022-11-07,Phil Elphick,pelphickbq@webs.com,United States,pending,174.04,Mastercard,UPS,16.87
425,2022-02-10,Johnna Fordy,jfordybr@wikimedia.org,Mexico,delivered,58.62,Visa,RPS,8.81
426,2020-03-05,Ashli Heinrich,,Canada,delivered,221.72,Mastercard,RPS,1.08
427,2023-11-10,Morganica Frarey,,Canada,delivered,186.77,Discover,USPS,5.36
428,2022-04-07,Charisse Verling,cverlingbu@icio.us,Canada,pending,89.66,Mastercard,UPS,6.18
429,2019-07-05,Annnora Exton,aextonbv@dmoz.org,Canada,delivered,198.04,Amex,RPS,11.31
430,2022-03-16,Igor Boykett,iboykettbw@examiner.com,Canada,delivered,156.25,Visa,USPS,3.65
431,2022-05-02,Legra Gertray,lgertraybx@sourceforge.net,Canada,delivered,69.13,Discover,USPS,1.67
432,2022-08-21,Vivienne Wellington,vwellingtonby@wunderground.com,Mexico,shipped,249.03,Visa,RPS,18.04
433,2021-07-11,Brunhilde Brandes,,United States,pending,80.99,Visa,RPS,14.04
434,2019-10-21,Hortensia Mullis,hmullisc0@uol.com.br,Canada,delivered,101.46,Visa,USPS,16.48
435,2023-10-11,Kelsey Winkless,kwinklessc1@epa.gov,Mexico,delivered,219.49,Mastercard,USPS,10.54
436,2021-04-20,Neville Witsey,nwitseyc2@ft.com,Canada,delivered,188.43,Amex,USPS,12.41
437,2020-07-31,James Larkin,jlarkinc3@purevolume.com,Canada,delivered,247.53,Visa,UPS,
438,2020-10-02,Billi Crasford,bcrasfordc4@soup.io,United States,delivered,212.28,Amex,USPS,18.35
439,2023-05-26,Noami Kinavan,nkinavanc5@rakuten.co.jp,Canada,shipped,212.09,Discover,USPS,5.13
440,2020-10-01,Rozamond Durnian,rdurnianc6@dagondesign.com,United States,delivered,235.21,Visa,RPS,5.29
441,2019-10-12,Donnajean Donnison,ddonnisonc7@youtu.be,United States,delivered,119.1,Amex,USPS,12.33
442,2019-09-07,Josee Solomon,jsolomonc8@ifeng.com,United States,pending,191.63,Amex,UPS,12.87
443,2022-05-10,Alix Fourcade,afourcadec9@ow.ly,United States,shipped,78.03,Visa,RPS,11.05
444,2022-04-09,Caria Yerbury,cyerburyca@gizmodo.com,Mexico,delivered,175.97,Amex,RPS,15.92
445,2021-01-30,Roselia Heindrich,rheindrichcb@com.com,United States,pending,180.43,Amex,USPS,9.54
446,2020-05-03,Frasco Guwer,fguwercc@oracle.com,United States,pending,89.24,Visa,USPS,9.95
447,2023-02-03,Diane MacColm,dmaccolmcd@globo.com,United States,delivered,99.08,Visa,USPS,15.85
448,2021-08-06,Adah Collibear,acollibearce@msu.edu,Mexico,pending,132.14,Visa,FedEX,1.63
449,2023-10-04,Carlos Binnell,cbinnellcf@sphinn.com,United States,delivered,146.08,Visa,UPS,9.74
450,2023-11-11,Maria Gusticke,mgustickecg@cloudflare.com,United States,delivered,220.22,Mastercard,FedEX,19.13
451,2019-12-01,Yankee Kennealy,ykennealych@china.com.cn,Canada,pending,134.12,Amex,UPS,8.59
452,2020-02-23,Archaimbaud Aspital,aaspitalci@tuttocitta.it,United States,delivered,193.66,Mastercard,UPS,4.13
453,2023-07-25,Stacy Saywood,,United States,delivered,134.98,Amex,FedEX,16.07
454,2023-10-09,Lena Side,lsideck@nsw.gov.au,United States,delivered,64.26,Mastercard,USPS,19.36
455,2023-08-15,Ellette Ranahan,eranahancl@tiny.cc,United States,pending,197.6,Amex,FedEX,9.46
456,2019-09-02,Theresita Paal,tpaalcm@rambler.ru,United States,delivered,233.04,Discover,FedEX,18.94
457,2020-04-24,Grissel Neggrini,gneggrinicn@marketwatch.com,United States,pending,164.77,Mastercard,RPS,16.9
458,2020-07-02,Florence Lelande,flelandeco@joomla.org,United States,delivered,219.29,Mastercard,USPS,14.93
459,2021-05-28,Quintina Speke,qspekecp@jimdo.com,Canada,delivered,68.41,Mastercard,FedEX,15.72
460,2022-01-23,Ric Fowkes,rfowkescq@jimdo.com,United States,delivered,196.91,Discover,USPS,4.64
461,2021-02-09,Hilary Casol,hcasolcr@umn.edu,Mexico,delivered,213.48,Mastercard,FedEX,8.18
462,2019-01-03,Ruperto Dani,rdanics@amazon.de,Mexico,delivered,238.59,Amex,FedEX,4.97
463,2023-09-12,Dorelia Thomazin,dthomazinct@msn.com,United States,delivered,192.65,Amex,UPS,15.66
464,2021-09-23,Patton Scini,pscinicu@acquirethisname.com,United States,delivered,172.58,Amex,FedEX,13.07
465,2020-09-30,Spense Holdall,sholdallcv@techcrunch.com,Mexico,pending,233.01,Mastercard,USPS,12.57
466,2019-11-23,Jarrett Morrow,jmorrowcw@auda.org.au,United States,pending,96.07,Visa,RPS,13.3
467,2020-02-22,Grove Cullingworth,gcullingworthcx@nydailynews.com,United States,shipped,157.54,Discover,UPS,16.33
468,2021-09-14,Freddie Haensel,fhaenselcy@simplemachines.org,United States,shipped,111.23,Amex,UPS,4.76
469,2019-01-10,Edvard Baldery,ebalderycz@washington.edu,United States,pending,148.36,Visa,RPS,19.57
470,2020-09-05,Kasper Donnel,kdonneld0@t-online.de,United States,shipped,69.44,Mastercard,RPS,2.66
471,2022-07-04,Salvador Treen,streend1@qq.com,United States,shipped,214.98,Amex,FedEX,
472,2023-07-29,De Druitt,ddruittd2@statcounter.com,Canada,shipped,222.81,Amex,UPS,14.08
473,2020-05-30,Trueman Ranscombe,transcombed3@bloglovin.com,United States,pending,183.02,Discover,UPS,19.27
474,2019-10-21,Betsy Redwin,bredwind4@blogtalkradio.com,Canada,delivered,165.84,Discover,RPS,11.93
475,2019-01-14,Augustine Vany,avanyd5@a8.net,Mexico,delivered,63.25,Mastercard,RPS,19.74
476,2019-07-08,Vanny Caney,vcaneyd6@fastcompany.com,United States,delivered,130.98,Mastercard,UPS,3.06
477,2022-02-16,Jaquenette Vyel,jvyeld7@joomla.org,Mexico,pending,173.48,Mastercard,RPS,6.1
478,2023-11-07,Helga Wakely,hwakelyd8@deliciousdays.com,Canada,delivered,192.15,Mastercard,FedEX,1.86
479,2020-12-17,Joceline McAdam,jmcadamd9@phpbb.com,United States,delivered,238.25,Mastercard,FedEX,3.35
480,2022-04-15,Steffen Blakeden,sblakedenda@domainmarket.com,United States,pending,140.59,Mastercard,RPS,15.68
481,2023-10-15,Helena Kleimt,hkleimtdb@ezinearticles.com,Canada,delivered,56.19,Amex,USPS,14.62
482,2022-06-23,Thom Croxton,tcroxtondc@skype.com,United States,delivered,101.98,Amex,FedEX,4.32
483,2022-08-16,Mareah Chittenden,mchittendendd@theglobeandmail.com,United States,pending,241.22,Discover,RPS,13.3
484,2023-09-01,Carmela Bielfeld,cbielfeldde@globo.com,United States,delivered,169.88,Visa,USPS,15.47
485,2020-11-16,Tammy Pantlin,tpantlindf@unicef.org,Mexico,delivered,93.19,Amex,FedEX,18.86
486,2022-01-01,Beck Kynvin,bkynvindg@biblegateway.com,United States,shipped,168.93,Mastercard,USPS,
487,2022-03-06,Austine Follan,afollandh@ameblo.jp,Canada,shipped,90.06,Visa,UPS,11.22
488,2021-05-12,Timoteo Glantz,tglantzdi@auda.org.au,Mexico,delivered,50.46,Mastercard,RPS,12.96
489,2021-07-24,Cynthea Patters,cpattersdj@theguardian.com,United States,delivered,103.56,Mastercard,USPS,8.2
490,2021-02-24,Millicent Giovani,mgiovanidk@sitemeter.com,Mexico,delivered,200.06,Discover,USPS,10.74
491,2019-11-07,Ulric Pardon,upardondl@indiegogo.com,Mexico,delivered,109.92,Amex,FedEX,12.84
492,2020-07-09,Lorrie Babington,lbabingtondm@ask.com,Canada,delivered,197.85,Visa,USPS,12.81
493,2021-08-07,Rustie Fillis,rfillisdn@hhs.gov,Canada,delivered,189.31,Mastercard,FedEX,1.25
494,2021-04-07,Onida Colbron,ocolbrondo@irs.gov,Mexico,shipped,224.75,Amex,USPS,2.64
495,2022-08-29,Pete Albrecht,palbrechtdp@weather.com,United States,shipped,141.95,Discover,FedEX,12.73
496,2022-01-24,Orrin Culham,oculhamdq@yolasite.com,United States,delivered,91.29,Discover,UPS,15.81
497,2020-06-23,Lorry Fuggles,lfugglesdr@admin.ch,Mexico,delivered,78.24,Visa,RPS,15.8
498,2019-10-09,Dallis Wrightson,dwrightsonds@whitehouse.gov,United States,delivered,247.13,Visa,RPS,13.42
499,2022-01-11,Cherry Bansal,cbansaldt@stanford.edu,Mexico,delivered,80.93,Visa,USPS,14.9
500,2019-10-01,Sileas Moneypenny,smoneypennydu@people.com.cn,United States,shipped,170.45,Amex,FedEX,9.02
501,2021-07-23,Eulalie Benadette,ebenadettedv@paypal.com,Mexico,delivered,137.93,Discover,FedEX,1.22
502,2022-05-30,Catherine Toal,ctoaldw@google.it,United States,delivered,97.68,Mastercard,RPS,15.84
503,2020-09-26,Sancho Roads,sroadsdx@netscape.com,Canada,delivered,194.95,Visa,USPS,19.99
504,2022-09-29,Casper Hennemann,chennemanndy@yale.edu,Canada,pending,159.4,Amex,USPS,6.09
505,2023-11-05,Margarita Scothorne,mscothornedz@ustream.tv,United States,delivered,156.87,Visa,FedEX,11.77
506,2020-05-03,Zebulon Say,zsaye0@ibm.com,United States,shipped,151.68,Mastercard,UPS,10.8
507,2019-07-09,Ebonee Temblett,etemblette1@illinois.edu,United States,pending,76.98,Discover,RPS,9.83
508,2019-02-03,Dita Perkis,dperkise2@bbc.co.uk,United States,delivered,131.93,Discover,FedEX,9.42
509,2019-09-06,Jaynell Palatino,jpalatinoe3@joomla.org,Mexico,shipped,241.45,Discover,USPS,20.0
510,2023-12-05,Caddric Reynalds,creynaldse4@telegraph.co.uk,United States,shipped,81.78,Visa,USPS,
511,2022-12-02,Sabine Sedgman,ssedgmane5@google.de,Canada,pending,212.39,Discover,FedEX,14.85
512,2023-11-07,Thomasin Hards,thardse6@live.com,Canada,shipped,55.28,Amex,RPS,12.82
513,2022-10-26,Seline Kryzhov,skryzhove7@reuters.com,Canada,delivered,227.12,Amex,FedEX,10.39
514,2022-05-26,Aaron Embling,aemblinge8@wix.com,Canada,shipped,140.06,Visa,FedEX,18.95
515,2020-11-05,Mic Elstub,melstube9@g.co,Mexico,pending,171.57,Mastercard,FedEX,12.55
516,2022-11-16,Nixie Farge,nfargeea@ucoz.com,United States,shipped,165.22,Amex,FedEX,16.34
517,2020-01-02,Noak Dignall,ndignalleb@dion.ne.jp,United States,pending,194.88,Mastercard,USPS,9.52
518,2021-06-01,Inger Breewood,ibreewoodec@bigcartel.com,United States,pending,57.88,Mastercard,UPS,5.66
519,2022-05-21,Colleen Placstone,cplacstoneed@indiatimes.com,United States,shipped,51.44,Discover,UPS,8.67
520,2020-04-09,Byrom Creasy,bcreasyee@columbia.edu,United States,delivered,209.86,Mastercard,UPS,2.63
521,2023-02-24,Chicky Wozencraft,cwozencraftef@house.gov,Canada,delivered,108.06,Visa,FedEX,
522,2021-03-21,Pat Baughn,pbaughneg@friendfeed.com,Mexico,delivered,191.14,Visa,RPS,9.83
523,2019-10-02,Ainslie Cason,acasoneh@vkontakte.ru,United States,delivered,245.03,Discover,RPS,10.84
524,2021-08-26,Dot Mikalski,,United States,delivered,171.11,Visa,FedEX,7.41
525,2021-05-16,Nikolai Blasius,nblasiusej@hostgator.com,Canada,shipped,59.98,Mastercard,RPS,12.01
526,2020-12-26,Genevra Parramore,gparramoreek@jugem.jp,United States,delivered,237.99,Amex,RPS,17.23
527,2020-12-08,Kimmie Hambling,khamblingel@who.int,United States,delivered,229.52,Discover,RPS,6.23
528,2023-01-03,Den Ruller,drullerem@xing.com,Mexico,delivered,143.39,Amex,FedEX,11.07
529,2023-05-18,Tallia Rizzone,trizzoneen@springer.com,United States,delivered,231.55,Visa,RPS,7.94
530,2019-05-24,Briant Cowey,bcoweyeo@hubpages.com,Canada,delivered,152.61,Visa,RPS,4.73
531,2019-10-01,Sophi Wardell,swardellep@oracle.com,United States,delivered,100.47,Mastercard,USPS,6.61
532,2022-01-05,Mel Baudassi,mbaudassieq@smugmug.com,United States,delivered,82.62,Amex,RPS,14.35
533,2023-02-06,Merilyn Clinning,mclinninger@ibm.com,Mexico,delivered,184.95,Discover,USPS,3.84
534,2020-12-28,Lona Allner,lallneres@wikipedia.org,United States,delivered,113.74,Visa,FedEX,5.88
535,2020-10-19,Bren Adamovsky,badamovskyet@goodreads.com,United States,delivered,153.47,Discover,RPS,14.81
536,2021-01-31,Karoly Goodfellow,kgoodfelloweu@java.com,Mexico,delivered,139.92,Discover,RPS,2.83
537,2021-07-14,Maybelle McCathy,mmccathyev@forbes.com,Canada,delivered,88.45,Visa,RPS,5.94
538,2021-05-15,Crawford Powell,cpowellew@issuu.com,Canada,delivered,139.72,Amex,RPS,2.21
539,2022-03-30,Josephine Baraclough,jbaracloughex@ebay.com,United States,delivered,246.12,Mastercard,UPS,16.04
540,2021-01-08,Gretal Demare,gdemareey@archive.org,United States,shipped,151.41,Visa,UPS,12.14
541,2019-01-26,Pinchas Baraclough,pbaracloughez@sogou.com,Mexico,delivered,156.14,Mastercard,RPS,12.31
542,2019-07-01,Raviv Menault,rmenaultf0@cyberchimps.com,Canada,pending,215.81,Mastercard,RPS,19.17
543,2023-02-07,Aristotle Epton,aeptonf1@yahoo.co.jp,Mexico,delivered,114.71,Visa,USPS,10.89
544,2021-09-14,Britt Iliffe,biliffef2@fc2.com,United States,delivered,91.58,Discover,UPS,18.89
545,2019-12-25,Cathee Paddison,cpaddisonf3@wordpress.org,United States,delivered,124.12,Amex,FedEX,12.68
546,2021-09-08,Linnet Dallaghan,ldallaghanf4@cbc.ca,United States,delivered,204.08,Mastercard,USPS,17.26
547,2019-08-17,Brenden Saward,bsawardf5@prweb.com,United States,delivered,216.46,Amex,UPS,14.75
548,2019-11-06,Codee Calbreath,ccalbreathf6@stanford.edu,United States,delivered,161.53,Discover,USPS,7.78
549,2023-01-25,Reta Clement,rclementf7@purevolume.com,United States,pending,79.94,Discover,RPS,11.16
550,2020-04-26,Cheston Yeoman,cyeomanf8@miitbeian.gov.cn,Canada,delivered,150.5,Amex,RPS,8.99
551,2022-03-09,Corella Doblin,,United States,pending,83.28,Mastercard,FedEX,16.23
552,2020-05-21,Babita Oppy,boppyfa@marketwatch.com,Mexico,delivered,66.4,Discover,USPS,11.06
553,2023-06-27,Lynnet Burchatt,lburchattfb@state.tx.us,Mexico,delivered,95.34,Visa,RPS,18.23
554,2020-08-31,Warden Cowdray,wcowdrayfc@macromedia.com,Mexico,shipped,66.29,Amex,USPS,6.52
555,2020-11-16,Trescha Woodcroft,twoodcroftfd@baidu.com,United States,delivered,239.33,Amex,RPS,11.09
556,2021-06-29,Will Norquoy,,United States,delivered,232.63,Amex,RPS,3.89
557,2023-02-16,Sawyer Wandrach,swandrachff@t.co,Canada,delivered,144.45,Visa,RPS,12.78
558,2022-06-26,Hamnet Dagless,hdaglessfg@typepad.com,Canada,shipped,149.44,Mastercard,FedEX,19.51
559,2020-09-30,Kerry Hazlegrove,khazlegrovefh@illinois.edu,United States,pending,79.63,Visa,RPS,13.47
560,2023-03-17,Tommy Grunnell,tgrunnellfi@tiny.cc,United States,shipped,103.4,Mastercard,FedEX,
561,2021-05-18,Barnett Wivell,bwivellfj@istockphoto.com,United States,delivered,230.57,Visa,FedEX,12.27
562,2020-08-28,Bryn Altham,balthamfk@umich.edu,United States,shipped,158.24,Mastercard,FedEX,13.13
563,2022-11-22,Rasla Larchiere,rlarchierefl@sina.com.cn,United States,delivered,170.48,Visa,USPS,4.58
564,2020-10-01,Layton Insley,linsleyfm@weibo.com,United States,pending,73.39,Discover,UPS,13.68
565,2022-02-18,Elizabeth Corroyer,ecorroyerfn@webs.com,Mexico,pending,82.99,Visa,FedEX,3.82
566,2023-07-16,Theodor Shepherd,tshepherdfo@1688.com,United States,delivered,135.63,Visa,USPS,14.25
567,2022-09-18,Rudolph Yanne,ryannefp@paypal.com,United States,delivered,152.97,Visa,RPS,1.96
568,2021-08-24,Darice McIlwraith,dmcilwraithfq@cdc.gov,Mexico,delivered,103.03,Discover,USPS,5.31
569,2020-02-13,Kamila Janiszewski,kjaniszewskifr@reuters.com,Mexico,pending,150.2,Discover,RPS,16.53
570,2022-12-23,Ivy MacKimm,imackimmfs@slashdot.org,Mexico,shipped,150.06,Mastercard,USPS,3.9
571,2019-01-19,Darryl Wright,dwrightft@forbes.com,United States,delivered,207.97,Mastercard,UPS,1.2
572,2023-08-16,Georgianne Frayling,,United States,delivered,61.19,Amex,UPS,12.9
573,2020-10-20,Em Menicomb,emenicombfv@google.it,Canada,delivered,209.66,Mastercard,UPS,3.05
574,2020-11-08,Kristien Ridgers,kridgersfw@mapy.cz,United States,pending,174.64,Mastercard,UPS,4.6
575,2022-06-13,Emmerich Simkin,esimkinfx@comcast.net,United States,delivered,142.91,Mastercard,UPS,19.41
576,2020-08-17,Ferne Garrow,fgarrowfy@lycos.com,United States,delivered,104.96,Discover,UPS,9.57
577,2019-03-12,Chucho Rubenfeld,crubenfeldfz@digg.com,Mexico,shipped,155.92,Discover,FedEX,16.81
578,2023-08-27,Otis Mizzi,omizzig0@bloomberg.com,United States,pending,102.29,Mastercard,USPS,9.18
579,2019-08-13,Danyette Tight,dtightg1@creativecommons.org,United States,delivered,203.39,Mastercard,FedEX,7.7
580,2022-11-14,Doralynne Pinfold,dpinfoldg2@sun.com,Canada,delivered,238.91,Discover,UPS,18.23
581,2019-10-15,Ethelbert Erangy,eerangyg3@arizona.edu,United States,shipped,171.04,Visa,RPS,6.88
582,2020-04-18,Austina Cretney,acretneyg4@g.co,Mexico,delivered,95.36,Mastercard,RPS,4.41
583,2023-03-13,Caro Kingsnoad,ckingsnoadg5@shutterfly.com,United States,pending,229.05,Amex,USPS,6.2
584,2023-05-10,Ninnetta Orteu,norteug6@acquirethisname.com,Mexico,delivered,246.01,Visa,USPS,4.71
585,2021-12-28,Odie Ninnis,oninnisg7@surveymonkey.com,United States,delivered,108.81,Visa,FedEX,17.81
586,2022-12-22,Annabell Glenfield,aglenfieldg8@networksolutions.com,United States,delivered,64.61,Discover,FedEX,2.29
587,2020-06-10,Roderich Baine,rbaineg9@google.de,Canada,delivered,93.89,Amex,FedEX,3.68
588,2023-02-04,Elysia Cokely,ecokelyga@theglobeandmail.com,Canada,shipped,201.87,Amex,USPS,11.86
589,2021-10-31,Madelin Vigours,mvigoursgb@state.tx.us,Canada,delivered,134.94,Mastercard,USPS,
590,2019-04-23,Adel Chevalier,achevaliergc@elegantthemes.com,Mexico,delivered,180.65,Discover,RPS,2.54
591,2023-08-19,Regan Fortesquieu,rfortesquieugd@biglobe.ne.jp,United States,shipped,208.87,Mastercard,UPS,14.67
592,2021-12-08,Ferris Ritchley,fritchleyge@nytimes.com,United States,delivered,133.44,Visa,UPS,9.92
593,2023-02-06,Rice Dreye,rdreyegf@is.gd,United States,pending,130.64,Discover,USPS,8.38
594,2020-09-20,Kellby Scardafield,kscardafieldgg@smh.com.au,Canada,pending,140.77,Amex,USPS,19.67
595,2023-12-01,Luelle Zylbermann,lzylbermanngh@ehow.com,United States,pending,73.66,Amex,USPS,10.58
596,2021-01-15,Stefania Wyldish,swyldishgi@myspace.com,United States,delivered,64.99,Amex,FedEX,1.42
597,2019-05-21,Allix Oland,aolandgj@imageshack.us,Canada,delivered,126.04,Mastercard,FedEX,19.02
598,2022-12-09,Lydon Solomon,lsolomongk@mac.com,United States,pending,115.34,Amex,FedEX,12.88
599,2023-07-05,Birdie Deeson,bdeesongl@sfgate.com,United States,delivered,211.79,Discover,USPS,17.16
600,2022-10-29,Deeyn Hurst,dhurstgm@archive.org,Canada,shipped,186.39,Discover,FedEX,4.23
601,2022-10-19,Orson Cowdery,ocowderygn@slideshare.net,United States,delivered,116.13,Amex,RPS,1.3
602,2022-07-03,Myrlene Walrond,mwalrondgo@fastcompany.com,Mexico,delivered,91.48,Visa,UPS,11.99
603,2019-03-25,Kendricks Rowbottom,krowbottomgp@zdnet.com,Mexico,delivered,218.68,Visa,RPS,15.67
604,2023-08-14,Janella Bisatt,jbisattgq@pbs.org,Mexico,shipped,130.33,Visa,USPS,15.93
605,2019-05-05,Duke Bewshaw,dbewshawgr@gmpg.org,United States,pending,196.66,Amex,UPS,19.95
606,2022-12-12,Sayers Mattiassi,smattiassigs@omniture.com,Canada,shipped,173.39,Mastercard,UPS,19.68
607,2019-11-12,Jolie Pennazzi,jpennazzigt@oaic.gov.au,Mexico,delivered,126.6,Visa,RPS,2.1
608,2023-01-23,Alexia Trobridge,atrobridgegu@github.com,United States,shipped,220.81,Mastercard,UPS,2.78
609,2021-11-19,Jaquenetta Claasen,jclaasengv@census.gov,United States,delivered,123.77,Discover,RPS,5.28
610,2019-06-04,Freddi Simacek,fsimacekgw@epa.gov,Canada,delivered,168.9,Discover,USPS,16.32
611,2022-05-29,Arne Sichardt,asichardtgx@spiegel.de,United States,delivered,176.3,Discover,UPS,10.12
612,2022-01-31,Karylin De Atta,kdegy@house.gov,United States,delivered,86.61,Discover,USPS,3.55
613,2021-01-14,Happy O'Keenan,hokeenangz@parallels.com,United States,delivered,180.54,Mastercard,RPS,18.68
614,2022-01-16,Clemmy Scryne,cscryneh0@dyndns.org,United States,shipped,91.75,Amex,RPS,18.26
615,2023-07-25,Murielle Bracer,mbracerh1@google.cn,United States,shipped,200.02,Visa,UPS,15.92
616,2019-02-09,Benita Tuma,btumah2@sogou.com,United States,pending,164.86,Mastercard,RPS,19.47
617,2022-10-14,Quincey Melliard,qmelliardh3@issuu.com,Mexico,delivered,140.71,Visa,UPS,6.76
618,2021-11-16,Lucinda Dumigan,ldumiganh4@ebay.co.uk,Canada,shipped,220.43,Discover,UPS,10.57
619,2019-10-02,Bev De Cristofalo,bdeh5@berkeley.edu,United States,delivered,118.45,Amex,FedEX,12.77
620,2021-06-18,Clary Medling,cmedlingh6@topsy.com,Mexico,delivered,84.71,Discover,RPS,19.11
621,2023-06-28,Kora Sutherns,ksuthernsh7@jugem.jp,Canada,shipped,213.78,Amex,USPS,
622,2020-04-24,Arne Searchfield,asearchfieldh8@timesonline.co.uk,United States,delivered,113.91,Mastercard,USPS,2.47
623,2020-01-21,Tabbi Greyes,tgreyesh9@soundcloud.com,Canada,delivered,195.51,Amex,FedEX,17.3
624,2020-02-23,Barr Ivanyukov,bivanyukovha@oaic.gov.au,Mexico,shipped,178.08,Discover,RPS,7.96
625,2019-05-07,Jessalin Bikker,jbikkerhb@tiny.cc,United States,delivered,114.02,Mastercard,USPS,1.76
626,2022-03-01,Enoch Salmen,esalmenhc@huffingtonpost.com,Mexico,shipped,146.46,Amex,RPS,7.25
627,2020-09-26,Holly Setterfield,hsetterfieldhd@macromedia.com,Mexico,delivered,247.76,Mastercard,USPS,18.13
628,2022-11-01,Ethelda Linney,elinneyhe@shinystat.com,United States,delivered,67.0,Mastercard,RPS,4.85
629,2023-07-21,Hyacinthia Tarquinio,htarquiniohf@chronoengine.com,Mexico,shipped,76.57,Visa,FedEX,9.65
630,2022-10-22,Barnett Gosalvez,bgosalvezhg@artisteer.com,United States,delivered,67.38,Mastercard,USPS,
631,2020-02-24,Milly Beagles,mbeagleshh@altervista.org,Canada,delivered,213.51,Mastercard,RPS,15.3
632,2023-04-28,Dela Sturm,dsturmhi@indiegogo.com,United States,delivered,69.92,Mastercard,USPS,19.81
633,2023-11-15,Che Keizman,ckeizmanhj@networkadvertising.org,United States,delivered,135.91,Amex,FedEX,7.31
634,2023-11-01,Benedicta Piper,bpiperhk@jalbum.net,Canada,shipped,196.68,Mastercard,FedEX,9.31
635,2022-05-19,Margret Fosbraey,mfosbraeyhl@disqus.com,Canada,delivered,244.9,Amex,UPS,6.13
636,2023-09-10,Carlee Westney,cwestneyhm@tamu.edu,United States,shipped,150.17,Mastercard,FedEX,3.29
637,2021-07-11,Hunfredo Donavan,hdonavanhn@berkeley.edu,United States,delivered,170.61,Mastercard,UPS,1.62
638,2022-06-23,Victoir Elsay,velsayho@ucoz.com,Canada,delivered,229.43,Amex,USPS,1.59
639,2020-08-09,Glyn Parsisson,gparsissonhp@cargocollective.com,Canada,shipped,69.75,Discover,FedEX,8.37
640,2020-11-27,Royce Levine,rlevinehq@opera.com,Mexico,delivered,152.21,Discover,UPS,6.28
641,2019-07-18,Tommy Sellens,tsellenshr@drupal.org,United States,delivered,54.54,Mastercard,UPS,12.63
642,2019-02-28,Rina Shwalbe,rshwalbehs@usatoday.com,United States,delivered,184.07,Amex,RPS,19.72
643,2021-03-15,Farleigh Trunby,ftrunbyht@wordpress.com,Canada,delivered,131.14,Visa,FedEX,3.64
644,2019-05-13,Daryl Quarrington,dquarringtonhu@adobe.com,United States,delivered,194.48,Amex,RPS,12.83
645,2019-03-16,Tracy Muskett,tmusketthv@sbwire.com,United States,pending,67.4,Mastercard,RPS,8.4
646,2019-09-16,Dalila Kornyshev,dkornyshevhw@google.com.au,Canada,delivered,60.26,Visa,FedEX,3.57
647,2019-10-29,Agnesse Lind,alindhx@tripod.com,United States,pending,187.64,Visa,UPS,12.47
648,2022-11-20,Benny Ansteys,bansteyshy@free.fr,United States,delivered,179.82,Discover,UPS,18.88
649,2023-02-07,Jazmin Lillford,jlillfordhz@hubpages.com,United States,delivered,231.48,Discover,RPS,19.05
650,2021-01-06,Shae Di Giacomo,sdii0@ucoz.ru,Mexico,delivered,245.34,Discover,UPS,15.44
651,2023-07-26,Amata D'Souza,adsouzai1@examiner.com,Mexico,delivered,217.04,Amex,RPS,16.82
652,2019-08-13,Blane Hurkett,bhurketti2@163.com,Mexico,delivered,85.9,Amex,RPS,16.11
653,2020-01-16,Jess Awin,jawini3@last.fm,United States,shipped,196.28,Discover,RPS,13.69
654,2019-05-20,Betti Lenahan,blenahani4@diigo.com,Canada,delivered,136.55,Mastercard,RPS,16.52
655,2020-09-12,Ingemar Bester,ibesteri5@51.la,United States,pending,207.95,Visa,FedEX,8.88
656,2022-07-06,Nealon Harhoff,nharhoffi6@soundcloud.com,United States,delivered,60.34,Mastercard,UPS,4.74
657,2019-06-01,Maximilien Pittwood,mpittwoodi7@nyu.edu,Canada,delivered,128.86,Visa,UPS,7.15
658,2020-12-20,Gun Sieur,gsieuri8@dion.ne.jp,Mexico,pending,59.91,Visa,FedEX,7.4
659,2020-01-05,Fran Bartholat,fbartholati9@fotki.com,United States,pending,136.64,Visa,USPS,16.93
660,2023-06-01,Kristoffer Carlsen,kcarlsenia@umn.edu,Mexico,shipped,77.8,Visa,FedEX,17.22
661,2020-08-24,Christoper Olivas,colivasib@ebay.com,United States,delivered,226.38,Mastercard,USPS,5.03
662,2023-09-13,Zollie Wickey,zwickeyic@slate.com,Canada,shipped,65.02,Amex,RPS,4.58
663,2022-12-15,Maddy Carillo,mcarilloid@linkedin.com,Mexico,shipped,142.54,Mastercard,RPS,3.12
664,2020-02-11,Maynard Arrow,marrowie@mozilla.com,Mexico,pending,243.69,Mastercard,USPS,11.21
665,2020-01-01,Linnea Wiggans,lwiggansif@hibu.com,United States,pending,217.21,Visa,FedEX,1.63
666,2019-05-22,Jacky Houlison,jhoulisonig@washington.edu,United States,delivered,95.88,Mastercard,USPS,8.58
667,2023-08-25,Erica Grantham,egranthamih@comcast.net,Mexico,delivered,84.9,Visa,RPS,11.8
668,2021-01-31,Isabella Sussex,isussexii@slideshare.net,Mexico,delivered,104.34,Amex,FedEX,4.12
669,2023-07-21,Marlin Halton,mhaltonij@google.nl,Canada,shipped,204.23,Discover,UPS,19.33
670,2020-08-19,Rosina Wharton,rwhartonik@prweb.com,Canada,delivered,176.91,Amex,RPS,15.92
671,2020-12-24,Maurise Hamley,mhamleyil@trellian.com,Canada,delivered,150.81,Discover,UPS,11.93
672,2019-04-16,Gunther Orta,gortaim@marketwatch.com,Canada,delivered,68.21,Mastercard,UPS,17.17
673,2019-01-13,Findlay Insall,finsallin@washington.edu,United States,shipped,51.89,Visa,RPS,15.35
674,2020-10-13,Torrin Rockhill,trockhillio@imdb.com,United States,shipped,78.43,Discover,FedEX,1.38
675,2019-07-10,Thor Doggerell,tdoggerellip@jiathis.com,United States,pending,145.63,Mastercard,FedEX,16.68
676,2020-10-07,Archibald Baynham,abaynhamiq@furl.net,United States,delivered,127.83,Discover,FedEX,16.5
677,2019-06-03,Wood Bonde,wbondeir@exblog.jp,United States,shipped,59.02,Visa,UPS,9.38
678,2022-08-18,Alayne Maber,amaberis@google.nl,United States,delivered,173.7,Mastercard,FedEX,18.29
679,2022-06-13,Ashby Fever,afeverit@feedburner.com,United States,delivered,121.65,Visa,FedEX,3.5
680,2021-12-02,Lynnette Kyberd,lkyberdiu@prlog.org,Canada,shipped,69.8,Discover,UPS,9.69
681,2023-07-02,Sherri McNeice,smcneiceiv@virginia.edu,Mexico,delivered,118.95,Mastercard,UPS,3.32
682,2022-05-31,Ysabel MacElroy,ymacelroyiw@wunderground.com,Mexico,delivered,160.81,Amex,RPS,15.96
683,2022-03-05,Nicola Di Pietro,ndiix@weather.com,United States,delivered,166.59,Visa,RPS,6.02
684,2021-08-23,Freeland De Vile,fdeiy@tuttocitta.it,Mexico,delivered,152.08,Amex,UPS,8.0
685,2020-09-16,Alverta Harbach,aharbachiz@seesaa.net,Mexico,delivered,223.42,Mastercard,USPS,1.56
686,2023-10-18,Lem Islip,lislipj0@house.gov,United States,delivered,70.15,Discover,UPS,16.31
687,2020-02-29,Cassandry Rimer,crimerj1@mapy.cz,United States,shipped,58.82,Discover,USPS,7.84
688,2021-04-07,Jaye O'Mailey,jomaileyj2@usgs.gov,Canada,delivered,76.02,Visa,USPS,4.79
689,2019-11-25,Libbey Ritchie,lritchiej3@shop-pro.jp,United States,delivered,114.32,Visa,USPS,5.4
690,2020-11-29,Pauletta Jamrowicz,pjamrowiczj4@csmonitor.com,United States,pending,188.89,Mastercard,RPS,16.74
691,2021-07-22,Althea Arsey,aarseyj5@elegantthemes.com,Mexico,delivered,193.89,Visa,RPS,7.54
692,2022-12-20,Wendeline Seer,wseerj6@mashable.com,United States,delivered,205.17,Amex,RPS,3.8
693,2023-02-23,Matthias MacGeaney,mmacgeaneyj7@nhs.uk,Canada,shipped,127.93,Discover,FedEX,2.61
694,2023-09-30,Taylor Linggood,tlinggoodj8@tmall.com,United States,shipped,195.55,Visa,RPS,
695,2023-09-26,Laetitia Lynagh,llynaghj9@paypal.com,United States,delivered,118.59,Mastercard,RPS,2.25
696,2023-04-30,Em Dullard,edullardja@ucoz.ru,Mexico,delivered,209.89,Visa,FedEX,13.38
697,2021-08-31,Evvy Reading,,United States,pending,218.74,Visa,USPS,11.16
698,2023-10-07,Ronda Faccini,rfaccinijc@berkeley.edu,United States,pending,190.12,Mastercard,USPS,2.59
699,2022-10-22,Jillie Buswell,jbuswelljd@geocities.jp,Canada,delivered,103.84,Amex,RPS,11.19
700,2019-05-11,Tamqrah Bengtson,tbengtsonje@indiatimes.com,United States,pending,210.33,Amex,FedEX,1.53
701,2020-02-24,Brockie Bradburne,bbradburnejf@last.fm,United States,delivered,202.31,Visa,USPS,11.39
702,2019-02-02,Rozanne Portail,rportailjg@google.ca,United States,shipped,63.48,Amex,FedEX,9.94
703,2023-06-11,Elbert Snead,esneadjh@meetup.com,Mexico,delivered,125.34,Amex,FedEX,3.33
704,2023-07-09,Alvira Ebdin,aebdinji@nih.gov,Mexico,delivered,104.96,Discover,UPS,9.58
705,2021-11-29,Carrie Phizaclea,cphizacleajj@theguardian.com,Canada,delivered,206.08,Discover,USPS,12.75
706,2019-03-19,Ynez Garnsworth,ygarnsworthjk@yahoo.co.jp,Canada,delivered,110.09,Visa,UPS,
707,2020-06-06,Bren Klehn,bklehnjl@geocities.jp,Canada,delivered,239.33,Discover,RPS,7.65
708,2020-04-18,Gavra McCabe,gmccabejm@infoseek.co.jp,United States,delivered,126.62,Amex,USPS,9.54
709,2020-02-03,Salvador Spawforth,sspawforthjn@flavors.me,Mexico,delivered,233.0,Mastercard,USPS,
710,2023-05-06,Fannie Bladder,fbladderjo@wunderground.com,Canada,delivered,150.79,Amex,UPS,6.76
711,2023-08-23,Mareah Ault,maultjp@godaddy.com,Canada,shipped,84.42,Visa,UPS,16.51
712,2021-09-15,Sib Fulloway,sfullowayjq@1und1.de,United States,shipped,97.57,Discover,FedEX,13.6
713,2022-04-08,Kendricks de Quesne,kdejr@yahoo.co.jp,United States,delivered,210.64,Discover,USPS,8.51
714,2022-07-09,Ric Hauch,rhauchjs@ameblo.jp,Canada,delivered,105.83,Discover,USPS,9.11
715,2023-07-02,Neile Baroch,,United States,delivered,61.88,Amex,RPS,1.42
716,2023-04-25,Charley Lamanby,clamanbyju@blog.com,United States,shipped,167.71,Mastercard,USPS,14.25
717,2019-09-08,Turner Digg,tdiggjv@quantcast.com,Mexico,delivered,133.09,Amex,RPS,14.53
718,2023-05-09,Pete Joanic,pjoanicjw@sun.com,United States,delivered,68.48,Visa,USPS,1.36
719,2021-08-19,Tessie Brunn,tbrunnjx@prlog.org,Canada,pending,201.41,Mastercard,USPS,11.43
720,2021-07-03,Saunders Tibalt,stibaltjy@bbb.org,Canada,delivered,64.99,Discover,RPS,8.68
721,2019-05-10,Chris Pounder,cpounderjz@cargocollective.com,United States,delivered,131.75,Discover,RPS,11.01
722,2021-10-22,Norene Mandrey,nmandreyk0@umich.edu,United States,delivered,158.83,Discover,RPS,6.61
723,2022-12-19,Juana Carlyle,jcarlylek1@engadget.com,United States,delivered,156.31,Amex,FedEX,5.87
724,2023-11-02,Veriee Clearie,vcleariek2@bloomberg.com,United States,delivered,213.81,Amex,FedEX,9.58
725,2019-08-23,Frederica McAdam,fmcadamk3@auda.org.au,United States,delivered,110.12,Mastercard,RPS,2.77
726,2023-06-10,Harwell Cicutto,hcicuttok4@nba.com,United States,pending,104.29,Mastercard,USPS,2.1
727,2022-12-23,Tannie Shrubshall,tshrubshallk5@zdnet.com,Canada,pending,246.4,Visa,RPS,17.33
728,2023-02-18,Dacie Gisbourn,dgisbournk6@nytimes.com,Canada,delivered,140.66,Discover,RPS,3.37
729,2021-11-10,Byran Standish-Brooks,bstandishbrooksk7@nasa.gov,Mexico,delivered,197.53,Visa,RPS,18.96
730,2023-12-26,Porty Edginton,,Mexico,delivered,247.35,Discover,UPS,5.35
731,2020-08-14,Car Gadault,cgadaultk9@123-reg.co.uk,United States,delivered,94.1,Discover,UPS,2.74
732,2022-10-02,Garald Gunthorpe,ggunthorpeka@gizmodo.com,United States,delivered,102.98,Discover,FedEX,9.43
733,2020-12-12,Shalom Munnings,smunningskb@alexa.com,United States,shipped,102.81,Amex,USPS,9.26
734,2020-02-14,Rasla Zaniolo,rzaniolokc@so-net.ne.jp,United States,delivered,244.57,Mastercard,RPS,15.38
735,2022-05-31,Harrietta Redolfi,hredolfikd@networkadvertising.org,Canada,delivered,168.88,Visa,FedEX,11.3
736,2019-05-27,Sammy Walmsley,swalmsleyke@exblog.jp,United States,delivered,98.29,Discover,USPS,16.0
737,2021-04-28,Jilly Dunabie,jdunabiekf@google.de,Canada,delivered,106.47,Amex,UPS,7.79
738,2022-11-30,Guinna Lambkin,glambkinkg@typepad.com,United States,delivered,101.26,Discover,FedEX,6.52
739,2020-04-04,Hakim Greser,hgreserkh@php.net,Mexico,delivered,127.79,Visa,FedEX,6.06
740,2022-08-20,Roxanna Saltsberg,rsaltsbergki@weibo.com,United States,delivered,114.96,Discover,RPS,16.24
741,2022-07-27,Cordula Oliver-Paull,coliverpaullkj@slate.com,United States,pending,110.58,Discover,USPS,11.9
742,2019-06-07,Zandra Toffoloni,ztoffolonikk@tiny.cc,Canada,delivered,242.02,Discover,RPS,13.17
743,2020-08-17,Nil Troker,ntrokerkl@nps.gov,Canada,delivered,111.3,Amex,FedEX,10.8
744,2020-06-26,Ailis Billany,abillanykm@blogger.com,Canada,delivered,215.4,Discover,UPS,18.14
745,2021-12-30,Rafaela Noriega,rnoriegakn@fc2.com,Canada,shipped,212.75,Visa,RPS,18.2
746,2023-08-17,D'arcy Paddingdon,dpaddingdonko@weibo.com,United States,delivered,134.57,Mastercard,UPS,2.05
747,2021-07-08,Benjie Escoffier,bescoffierkp@hao123.com,Canada,delivered,205.84,Visa,USPS,13.1
748,2020-09-02,Augie McMeeking,amcmeekingkq@prlog.org,Canada,delivered,106.62,Discover,RPS,
749,2020-09-23,Umberto Krochmann,ukrochmannkr@ibm.com,Canada,delivered,226.46,Amex,UPS,10.59
750,2022-12-21,Alla Gotch,agotchks@tinypic.com,United States,pending,148.71,Amex,FedEX,5.49
751,2019-01-13,Marga Poff,mpoffkt@e-recht24.de,United States,delivered,132.84,Visa,UPS,19.68
752,2023-08-04,Emmey Hattoe,ehattoeku@blogtalkradio.com,United States,delivered,129.64,Discover,USPS,18.03
753,2020-12-29,Ike Vasnetsov,ivasnetsovkv@bigcartel.com,United States,delivered,105.78,Mastercard,UPS,6.06
754,2019-06-20,Evangelia Srutton,esruttonkw@storify.com,Mexico,delivered,104.7,Discover,RPS,12.4
755,2020-08-10,Austin Dahlback,,Canada,delivered,61.53,Visa,USPS,3.09
756,2020-05-20,Moira Rainard,mrainardky@wikispaces.com,United States,pending,211.55,Mastercard,FedEX,4.51
757,2021-08-24,Krispin Baggett,kbaggettkz@addtoany.com,Canada,pending,235.58,Discover,RPS,11.18
758,2019-11-12,Jaye Kervin,jkervinl0@tripadvisor.com,United States,shipped,214.64,Visa,UPS,2.82
759,2019-10-06,Zia Le Fevre,zlel1@oracle.com,United States,pending,195.48,Mastercard,RPS,18.31
760,2020-09-08,Daryl Bartell,dbartelll2@xing.com,Canada,shipped,148.18,Mastercard,FedEX,6.35
761,2019-02-09,Thedric Longland,tlonglandl3@list-manage.com,United States,pending,245.68,Visa,FedEX,14.01
762,2019-10-07,Tim Temblett,ttemblettl4@mtv.com,United States,shipped,162.78,Amex,USPS,10.21
763,2021-06-21,Kristel Avesque,kavesquel5@pinterest.com,United States,delivered,241.27,Amex,UPS,10.53
764,2020-08-09,Eric Davall,edavalll6@ebay.co.uk,Canada,delivered,169.3,Discover,FedEX,4.12
765,2019-03-10,Padraig Nelm,,Canada,shipped,119.64,Amex,UPS,16.19
766,2023-08-02,Adolpho Garling,agarlingl8@paypal.com,Mexico,delivered,175.77,Visa,USPS,16.35
767,2021-05-29,Corrie Yantsev,cyantsevl9@wikipedia.org,Mexico,shipped,121.54,Discover,UPS,8.8
768,2019-04-03,Arel Dulanty,adulantyla@diigo.com,United States,shipped,150.77,Mastercard,UPS,10.72
769,2022-05-31,Hillie Nafziger,hnafzigerlb@nps.gov,Canada,pending,212.63,Discover,UPS,15.72
770,2021-08-22,Bear Jeppensen,bjeppensenlc@surveymonkey.com,Canada,delivered,79.17,Amex,RPS,10.83
771,2019-03-25,Marietta Trail,mtrailld@squidoo.com,United States,shipped,131.79,Amex,FedEX,1.51
772,2022-04-08,Cash Rignoldes,crignoldesle@twitpic.com,United States,pending,170.39,Mastercard,FedEX,3.16
773,2019-05-11,Goldie Kobes,gkobeslf@phoca.cz,Canada,delivered,91.95,Amex,RPS,4.83
774,2019-08-10,Sibbie Dohmann,sdohmannlg@scribd.com,United States,delivered,117.51,Visa,FedEX,
775,2019-06-23,Clovis Haythornthwaite,chaythornthwaitelh@cnbc.com,Canada,delivered,137.12,Discover,FedEX,
776,2022-02-02,Erena Corbert,ecorbertli@purevolume.com,Mexico,delivered,121.29,Visa,UPS,9.95
777,2020-11-15,Pattie Spira,pspiralj@hibu.com,United States,delivered,188.34,Visa,RPS,4.48
778,2020-09-09,Sammy Barefoot,sbarefootlk@elpais.com,Mexico,delivered,104.7,Mastercard,UPS,6.56
779,2023-04-01,Storm Van Vuuren,svanll@go.com,United States,delivered,66.93,Visa,UPS,4.57
780,2023-10-22,Abbie Staniland,astanilandlm@webmd.com,Canada,delivered,178.83,Discover,USPS,4.23
781,2020-08-15,Travus Nuss,tnussln@sakura.ne.jp,United States,delivered,133.6,Visa,UPS,12.3
782,2021-02-12,Mirelle Frick,mfricklo@icq.com,United States,delivered,59.16,Visa,USPS,16.31
783,2019-05-09,Rachel Enric,renriclp@meetup.com,United States,delivered,234.35,Discover,USPS,5.56
784,2019-01-20,Jillian Parrot,jparrotlq@thetimes.co.uk,United States,delivered,221.21,Mastercard,USPS,16.91
785,2023-12-24,Barr Sisson,bsissonlr@netvibes.com,Canada,shipped,70.05,Amex,UPS,9.18
786,2019-03-26,Carlos Melladew,cmelladewls@google.ca,Mexico,pending,71.85,Discover,UPS,3.93
787,2022-05-07,Corri Cuttle,ccuttlelt@whitehouse.gov,Canada,delivered,133.21,Visa,USPS,8.28
788,2020-05-19,Alfreda Enriques,aenriqueslu@miibeian.gov.cn,United States,delivered,247.73,Mastercard,RPS,1.85
789,2022-01-23,Web Shallcroff,wshallcrofflv@newyorker.com,United States,shipped,66.09,Amex,RPS,17.07
790,2019-01-13,Britney MacShane,bmacshanelw@icio.us,United States,pending,186.49,Amex,RPS,14.63
791,2022-05-12,Lari Barthrup,lbarthruplx@tamu.edu,Canada,delivered,187.43,Amex,UPS,12.82
792,2022-04-11,Mariel Irons,mironsly@gravatar.com,Canada,delivered,188.54,Mastercard,FedEX,6.21
793,2022-06-17,Joane Munt,jmuntlz@cnbc.com,United States,delivered,186.16,Amex,UPS,5.62
794,2019-08-09,Berta Sizey,bsizeym0@army.mil,United States,shipped,153.77,Mastercard,USPS,4.16
795,2019-05-02,Christa Blewmen,cblewmenm1@deliciousdays.com,United States,delivered,211.35,Mastercard,FedEX,6.03
796,2021-07-29,Roy Danit,rdanitm2@cbsnews.com,United States,delivered,129.04,Amex,USPS,14.14
797,2022-12-03,Starlene McElwee,smcelweem3@accuweather.com,United States,delivered,50.15,Discover,FedEX,10.62
798,2022-11-20,Joannes Copello,jcopellom4@mapy.cz,United States,delivered,235.77,Discover,RPS,4.62
799,2020-05-11,Caresa Stalf,cstalfm5@topsy.com,United States,pending,181.01,Discover,UPS,17.09
800,2022-08-30,Rickie Sparshott,rsparshottm6@friendfeed.com,Canada,delivered,109.45,Discover,UPS,15.75
801,2020-07-22,Modesta Skeels,mskeelsm7@techcrunch.com,United States,delivered,178.14,Mastercard,RPS,19.7
802,2023-02-03,Gillan Topping,,United States,delivered,85.18,Visa,RPS,15.34
803,2022-05-19,Tammy Petts,,United States,pending,85.94,Visa,UPS,
804,2023-04-19,Evita Chisnall,echisnallma@yellowpages.com,United States,delivered,85.38,Amex,RPS,7.36
805,2019-05-19,Andree Middis,amiddismb@soup.io,United States,pending,80.07,Discover,USPS,
806,2022-02-06,Sampson Greatreax,sgreatreaxmc@altervista.org,Canada,shipped,138.89,Amex,RPS,10.64
807,2019-11-19,Aurelia Reburn,areburnmd@patch.com,Canada,pending,234.46,Discover,UPS,5.27
808,2019-04-04,Charil Conn,cconnme@posterous.com,Mexico,delivered,139.68,Visa,FedEX,17.33
809,2023-07-22,Sergent Moubray,smoubraymf@hexun.com,Canada,delivered,239.02,Discover,RPS,16.93
810,2020-01-18,Aubrette Stockford,astockfordmg@hc360.com,Mexico,delivered,78.56,Mastercard,FedEX,11.07
811,2022-05-21,Edyth Fussell,efussellmh@un.org,Canada,shipped,184.61,Discover,UPS,5.77
812,2021-06-15,Ralph Lumsdon,rlumsdonmi@salon.com,United States,delivered,180.74,Discover,USPS,
813,2020-08-30,Ailee Epperson,aeppersonmj@themeforest.net,United States,delivered,163.98,Mastercard,USPS,1.36
814,2019-04-18,Clerissa Ibbotson,cibbotsonmk@seesaa.net,Mexico,pending,84.34,Amex,RPS,1.98
815,2022-11-20,Donia Perrinchief,dperrinchiefml@topsy.com,United States,delivered,192.71,Discover,USPS,2.18
816,2021-11-07,Clareta Kollaschek,ckollaschekmm@telegraph.co.uk,Canada,pending,75.2,Mastercard,FedEX,
817,2023-11-04,Langston Mullan,lmullanmn@japanpost.jp,Canada,delivered,124.71,Discover,RPS,12.1
818,2019-08-07,Andris Stempe,astempemo@blogspot.com,United States,shipped,86.12,Mastercard,UPS,15.76
819,2019-06-02,Filippa Gresswell,fgresswellmp@gov.uk,Canada,shipped,63.54,Amex,FedEX,
820,2021-09-07,Sumner Hicks,shicksmq@meetup.com,United States,pending,246.0,Amex,UPS,2.55
821,2021-03-21,Randall Runnalls,rrunnallsmr@about.me,United States,delivered,241.57,Mastercard,FedEX,9.14
822,2019-03-19,Gladys Fetter,gfetterms@chicagotribune.com,Canada,pending,231.68,Visa,FedEX,3.67
823,2021-09-06,Kristi Attewell,kattewellmt@joomla.org,United States,delivered,63.22,Visa,USPS,9.62
824,2019-06-23,Vallie Keys,vkeysmu@guardian.co.uk,Canada,delivered,206.96,Mastercard,USPS,3.52
825,2023-05-30,Catharine Mendoza,cmendozamv@who.int,United States,pending,155.4,Visa,FedEX,5.84
826,2023-08-30,Belita Ogbourne,bogbournemw@elegantthemes.com,Canada,pending,130.0,Discover,UPS,12.59
827,2022-08-15,Junette Skirven,jskirvenmx@example.com,United States,delivered,124.83,Visa,USPS,14.77
828,2020-05-11,Hilton Orsman,horsmanmy@ucoz.ru,United States,delivered,150.88,Visa,USPS,
829,2021-04-22,Sergeant Arnold,sarnoldmz@theguardian.com,United States,shipped,209.96,Amex,RPS,16.91
830,2022-01-19,Damian Figgen,dfiggenn0@biblegateway.com,United States,shipped,192.47,Discover,UPS,4.61
831,2021-10-12,Mireille Pavlov,mpavlovn1@nsw.gov.au,Canada,delivered,137.62,Discover,UPS,3.13
832,2021-05-03,Fransisco Treffrey,ftreffreyn2@xing.com,Canada,delivered,52.23,Visa,UPS,10.23
833,2019-05-23,Saudra Geaveny,sgeavenyn3@archive.org,Canada,delivered,124.92,Visa,RPS,13.13
834,2020-08-23,Amalle Boxhall,aboxhalln4@booking.com,Canada,shipped,79.34,Visa,RPS,10.17
835,2022-07-30,Laverne Utridge,lutridgen5@huffingtonpost.com,United States,delivered,206.23,Mastercard,USPS,4.98
836,2022-08-20,Webb Sheach,wsheachn6@biblegateway.com,Canada,pending,129.6,Discover,UPS,1.46
837,2021-07-24,Samuel Braycotton,sbraycottonn7@nps.gov,Mexico,delivered,243.59,Visa,UPS,19.96
838,2020-09-06,Lamond Saturley,lsaturleyn8@wikispaces.com,United States,delivered,122.09,Amex,FedEX,7.76
839,2020-08-20,Mellie Scouse,mscousen9@techcrunch.com,United States,delivered,103.89,Amex,FedEX,6.07
840,2023-01-23,Trixi Seiffert,tseiffertna@issuu.com,Canada,shipped,229.84,Visa,RPS,4.54
841,2023-10-22,Bradney Romero,,Mexico,pending,115.25,Discover,FedEX,
842,2021-10-25,Bryana Faulconbridge,bfaulconbridgenc@comcast.net,United States,delivered,212.55,Visa,USPS,5.52
843,2023-06-02,Ruthann Marriner,rmarrinernd@adobe.com,Mexico,shipped,188.74,Visa,FedEX,2.85
844,2019-11-20,Rachelle Knibb,rknibbne@gov.uk,Mexico,pending,210.68,Discover,USPS,16.4
845,2023-11-08,Eustacia Ellicombe,eellicombenf@phpbb.com,United States,delivered,91.0,Mastercard,RPS,12.97
846,2020-12-10,Gav Flaunders,gflaundersng@plala.or.jp,United States,delivered,140.81,Amex,RPS,14.15
847,2022-11-01,Arni Nowakowski,anowakowskinh@51.la,Canada,shipped,165.09,Amex,UPS,8.31
848,2021-08-16,Kerianne Domek,kdomekni@last.fm,United States,shipped,199.62,Amex,UPS,13.12
849,2020-11-27,Nannie Gass,ngassnj@nydailynews.com,United States,shipped,76.3,Discover,USPS,18.78
850,2019-12-08,Nellie Bucke,nbuckenk@soup.io,Canada,delivered,242.1,Amex,USPS,2.41
851,2023-05-15,Lindsey McAndrew,lmcandrewnl@discovery.com,Canada,shipped,167.44,Amex,USPS,18.42
852,2023-02-17,Lelah Challen,lchallennm@newyorker.com,United States,pending,128.48,Mastercard,FedEX,13.6
853,2020-11-23,Marketa Heims,mheimsnn@histats.com,Canada,shipped,174.24,Amex,RPS,16.07
854,2023-04-20,Cart Mallon,,United States,delivered,183.6,Mastercard,FedEX,7.81
855,2019-03-09,Tabb Tomkin,ttomkinnp@hibu.com,Mexico,delivered,51.92,Visa,RPS,4.92
856,2022-04-12,Camilla Borley,cborleynq@pcworld.com,United States,delivered,163.27,Discover,FedEX,14.78
857,2020-01-29,Sanders Lenglet,slengletnr@noaa.gov,United States,shipped,99.37,Mastercard,RPS,13.22
858,2021-11-18,Lydia Pozzi,lpozzins@edublogs.org,Canada,pending,157.2,Mastercard,UPS,18.7
859,2023-06-27,Gertrud Fetherstone,gfetherstonent@instagram.com,Mexico,delivered,151.61,Visa,USPS,9.09
860,2019-04-10,Nannette Lucy,nlucynu@privacy.gov.au,United States,delivered,77.99,Visa,FedEX,15.56
861,2019-12-10,Lindy Kenan,lkenannv@4shared.com,Mexico,pending,219.93,Amex,USPS,13.61
862,2022-05-14,Binky Beteriss,bbeterissnw@foxnews.com,United States,pending,136.12,Visa,RPS,9.17
863,2021-06-11,Rene Percy,rpercynx@rediff.com,United States,delivered,196.68,Visa,USPS,6.44
864,2023-01-12,Geri Roles,grolesny@nsw.gov.au,United States,shipped,157.49,Mastercard,FedEX,4.12
865,2021-06-05,Pepillo Deppen,pdeppennz@dell.com,Mexico,delivered,110.84,Amex,FedEX,7.24
866,2020-05-17,Marion Tallman,mtallmano0@unblog.fr,Canada,delivered,157.18,Visa,UPS,
867,2019-09-13,Jo ann Pollitt,janno1@cdbaby.com,United States,shipped,236.73,Discover,UPS,13.7
868,2019-01-17,Urson Wilshire,uwilshireo2@independent.co.uk,Canada,delivered,222.94,Discover,RPS,12.29
869,2023-09-21,Nevins Harrild,nharrildo3@mozilla.org,United States,delivered,182.61,Mastercard,UPS,3.74
870,2021-03-16,Doralyn Cinelli,dcinellio4@seesaa.net,Mexico,delivered,52.01,Amex,FedEX,7.66
871,2019-11-29,Derward Sapshed,dsapshedo5@twitter.com,Canada,shipped,115.29,Discover,UPS,7.01
872,2023-07-15,Erhart Bryan,,United States,delivered,215.38,Visa,UPS,5.52
873,2021-09-15,Denice Garham,dgarhamo7@smh.com.au,Canada,pending,244.58,Visa,FedEX,8.85
874,2023-02-17,Boothe Hurll,bhurllo8@house.gov,United States,shipped,113.2,Discover,USPS,12.59
875,2022-03-03,Nap Twizell,ntwizello9@va.gov,United States,delivered,57.0,Amex,FedEX,3.22
876,2021-09-18,Peyton Gimert,pgimertoa@flavors.me,Canada,delivered,86.37,Amex,USPS,15.15
877,2019-09-21,Shamus Krimmer,skrimmerob@google.co.uk,Canada,shipped,106.77,Amex,UPS,12.69
878,2021-12-05,Spencer Lipgens,slipgensoc@issuu.com,United States,delivered,50.14,Amex,UPS,13.52
879,2021-01-18,Lilias Waterhous,lwaterhousod@github.com,Canada,pending,235.65,Mastercard,FedEX,7.7
880,2019-05-16,Barnaby Streetley,bstreetleyoe@sphinn.com,Canada,pending,101.07,Mastercard,USPS,12.04
881,2020-03-11,Gustav Sanbrook,gsanbrookof@com.com,United States,pending,51.32,Amex,FedEX,7.42
882,2021-06-11,Davida Galpin,dgalpinog@unesco.org,United States,shipped,114.21,Visa,RPS,9.95
883,2020-08-19,Royce Langhorne,rlanghorneoh@constantcontact.com,United States,delivered,156.88,Visa,RPS,19.54
884,2021-09-09,Moises Noseworthy,mnoseworthyoi@elpais.com,Mexico,shipped,172.45,Amex,UPS,16.01
885,2019-04-27,Natala Stillmann,nstillmannoj@globo.com,Canada,shipped,242.86,Mastercard,FedEX,10.74
886,2020-01-23,Fulton Larcher,flarcherok@sitemeter.com,Mexico,shipped,249.19,Visa,USPS,14.82
887,2022-10-01,Harmony Chinge de Hals,hchingeol@csmonitor.com,United States,delivered,146.69,Amex,FedEX,5.89
888,2022-09-15,Martyn Beades,mbeadesom@squidoo.com,United States,pending,195.8,Mastercard,USPS,7.76
889,2022-09-26,Urbain Wixon,uwixonon@cbc.ca,United States,delivered,84.62,Discover,UPS,10.39
890,2019-06-28,Moria McCrackan,mmccrackanoo@netvibes.com,Canada,pending,189.39,Amex,USPS,3.31
891,2019-01-06,Sandi Bailie,sbailieop@sbwire.com,Canada,pending,67.97,Amex,FedEX,
892,2023-07-02,Lissy Smallthwaite,lsmallthwaiteoq@ow.ly,United States,shipped,125.76,Visa,USPS,4.33
893,2019-06-20,Oona Kestle,okestleor@indiatimes.com,United States,delivered,189.58,Mastercard,UPS,9.27
894,2021-02-23,Carlina Pontain,cpontainos@admin.ch,United States,pending,163.03,Discover,USPS,
895,2020-12-19,Maible Hillen,mhillenot@nationalgeographic.com,Mexico,delivered,207.3,Discover,RPS,17.23
896,2022-03-04,Mirelle Lenney,mlenneyou@blogspot.com,Mexico,delivered,167.32,Mastercard,FedEX,11.3
897,2023-04-18,Van Chesnut,vchesnutov@dedecms.com,Mexico,shipped,109.21,Discover,FedEX,6.96
898,2019-01-04,Hetti Franzoli,hfranzoliow@ft.com,Mexico,pending,95.21,Mastercard,FedEX,11.16
899,2019-07-19,Aloise Ridpath,aridpathox@shutterfly.com,United States,delivered,122.45,Visa,RPS,11.42
900,2022-07-20,Tally Kimmel,tkimmeloy@clickbank.net,United States,delivered,238.65,Visa,UPS,15.84
901,2021-03-31,Carson Pinkney,cpinkneyoz@shareasale.com,Mexico,pending,122.55,Discover,RPS,
902,2021-09-30,Tobit Tenny,,United States,pending,168.1,Discover,UPS,3.52
903,2020-09-15,Murielle Allright,mallrightp1@hugedomains.com,United States,delivered,148.99,Discover,USPS,10.56
904,2023-08-18,Binnie Keattch,bkeattchp2@google.com,United States,delivered,226.49,Amex,USPS,13.86
905,2021-02-25,Susie Caldicott,scaldicottp3@ftc.gov,United States,shipped,239.97,Visa,RPS,19.76
906,2022-09-09,Patty Izakof,pizakofp4@phpbb.com,United States,shipped,121.41,Mastercard,RPS,4.59
907,2021-07-04,Nevin McLewd,nmclewdp5@feedburner.com,Canada,pending,146.98,Discover,UPS,8.74
908,2020-09-04,Chris Broseke,cbrosekep6@e-recht24.de,Mexico,shipped,189.52,Mastercard,RPS,3.63
909,2021-04-29,Gib Ballay,,United States,delivered,107.72,Amex,FedEX,1.04
910,2020-04-10,Dulcie Rigg,driggp8@behance.net,United States,shipped,76.08,Visa,UPS,13.06
911,2023-11-08,Derward Baynom,dbaynomp9@arizona.edu,Canada,delivered,119.56,Visa,USPS,14.65
912,2022-09-04,Vivia Snookes,vsnookespa@opera.com,Canada,delivered,150.35,Visa,UPS,18.06
913,2021-05-24,Rose Hanbidge,rhanbidgepb@home.pl,United States,pending,218.8,Visa,RPS,18.89
914,2023-08-15,Rhona Minnette,rminnettepc@mashable.com,Mexico,pending,68.98,Visa,RPS,16.89
915,2021-08-11,Laverne Guesford,lguesfordpd@4shared.com,Canada,delivered,152.32,Visa,UPS,7.08
916,2022-09-24,Goddart Trewhela,gtrewhelape@behance.net,United States,shipped,69.77,Amex,USPS,9.26
917,2023-02-25,Ines Tym,itympf@bigcartel.com,United States,delivered,95.78,Mastercard,USPS,10.3
918,2023-06-13,Winifred Whitbread,wwhitbreadpg@woothemes.com,Mexico,pending,214.05,Mastercard,FedEX,14.32
919,2022-07-26,Esma Shackle,,Mexico,pending,223.14,Amex,USPS,18.45
920,2021-04-30,Boonie Ashman,bashmanpi@photobucket.com,Mexico,delivered,209.02,Mastercard,FedEX,8.01
921,2022-09-10,Ciel Tansly,ctanslypj@list-manage.com,United States,shipped,114.39,Visa,FedEX,9.45
922,2022-10-02,Tully McPeeters,tmcpeeterspk@craigslist.org,United States,delivered,79.58,Mastercard,RPS,4.96
923,2022-07-30,Marrissa Drance,mdrancepl@economist.com,United States,delivered,173.69,Visa,USPS,9.21
924,2021-10-09,Marni Wollacott,mwollacottpm@skyrock.com,Canada,shipped,89.22,Amex,UPS,1.45
925,2019-11-21,Mehetabel Milmoe,mmilmoepn@fc2.com,Canada,pending,143.98,Mastercard,UPS,13.8
926,2020-05-20,Melli Crasford,mcrasfordpo@gov.uk,United States,shipped,209.2,Visa,UPS,8.87
927,2019-01-15,Lorens Jeffryes,ljeffryespp@bloglines.com,United States,delivered,102.92,Amex,RPS,
928,2021-02-04,Dosi Artinstall,dartinstallpq@mapy.cz,Mexico,shipped,97.14,Mastercard,USPS,8.52
929,2020-07-31,Margery Bevar,mbevarpr@theglobeandmail.com,United States,delivered,83.2,Discover,UPS,6.37
930,2023-03-07,Arther Beetlestone,abeetlestoneps@addthis.com,United States,delivered,185.12,Mastercard,FedEX,3.11
931,2020-08-07,Ann MacDearmaid,amacdearmaidpt@reverbnation.com,United States,delivered,156.08,Amex,RPS,10.09
932,2021-12-22,Edi Mc Corley,emcpu@cam.ac.uk,United States,shipped,221.23,Mastercard,USPS,5.69
933,2020-09-19,Frannie Ciccerale,fcicceralepv@is.gd,United States,delivered,83.68,Amex,FedEX,19.1
934,2023-07-04,Brooke Titheridge,btitheridgepw@sun.com,United States,delivered,179.66,Discover,FedEX,2.3
935,2020-09-12,Olag Groneway,ogronewaypx@biglobe.ne.jp,Canada,pending,63.01,Mastercard,RPS,4.79
936,2023-11-09,Stuart Lenahan,slenahanpy@nifty.com,United States,delivered,59.74,Discover,UPS,5.02
937,2021-12-07,Ariadne Dybell,adybellpz@amazon.com,Mexico,pending,142.67,Mastercard,RPS,17.54
938,2022-10-22,Horatio Valentin,hvalentinq0@biblegateway.com,United States,delivered,54.15,Amex,FedEX,5.95
939,2023-08-27,Melany Hambribe,mhambribeq1@squarespace.com,United States,delivered,62.79,Mastercard,RPS,
940,2022-05-12,Langston Blackaller,lblackallerq2@e-recht24.de,Canada,delivered,235.88,Mastercard,FedEX,9.85
941,2023-07-01,Lily Roskelley,lroskelleyq3@mashable.com,Canada,delivered,92.68,Mastercard,RPS,13.67
942,2019-03-27,Meier Mitcham,mmitchamq4@storify.com,Mexico,delivered,187.53,Mastercard,UPS,3.32
943,2021-02-28,Bendicty MacGillreich,bmacgillreichq5@goo.ne.jp,Mexico,shipped,174.38,Mastercard,FedEX,16.65
944,2020-07-06,Heall Willison,hwillisonq6@sakura.ne.jp,United States,delivered,136.14,Visa,USPS,
945,2022-06-28,Yehudit Coleborn,ycolebornq7@cornell.edu,United States,delivered,225.67,Discover,FedEX,6.98
946,2021-10-18,Lorettalorna Brimilcombe,lbrimilcombeq8@goo.ne.jp,Mexico,shipped,148.44,Mastercard,RPS,17.81
947,2022-02-18,Happy Lancett,hlancettq9@nba.com,United States,delivered,181.51,Mastercard,FedEX,18.21
948,2020-03-15,Westbrooke Chantrell,wchantrellqa@storify.com,Canada,delivered,209.92,Mastercard,UPS,7.36
949,2019-03-09,Star Pruckner,sprucknerqb@earthlink.net,United States,shipped,79.67,Mastercard,RPS,17.12
950,2019-10-22,Rodolfo Bordessa,rbordessaqc@prnewswire.com,Mexico,delivered,224.55,Amex,RPS,6.82
951,2020-12-11,Lannie Dugall,ldugallqd@creativecommons.org,United States,shipped,216.54,Amex,FedEX,2.47
952,2020-09-30,Inez Brigginshaw,ibrigginshawqe@cafepress.com,Canada,delivered,111.57,Discover,USPS,12.65
953,2021-09-17,Gasper Vise,gviseqf@nps.gov,Mexico,delivered,228.04,Visa,RPS,2.2
954,2020-08-11,Germana Duckett,gduckettqg@mozilla.org,Canada,delivered,221.28,Visa,UPS,2.05
955,2021-12-12,Denna De Vuyst,ddeqh@cdbaby.com,United States,pending,170.19,Mastercard,UPS,10.63
956,2019-09-28,Karoly Hawley,khawleyqi@prweb.com,Mexico,delivered,124.17,Discover,FedEX,13.35
957,2021-11-09,Eran Burrell,eburrellqj@google.com.au,United States,pending,196.16,Visa,USPS,12.39
958,2019-04-18,Meier Redmire,mredmireqk@shutterfly.com,Canada,pending,169.31,Mastercard,FedEX,5.17
959,2020-05-07,Vinny Basilio,vbasilioql@time.com,Canada,delivered,171.84,Visa,UPS,11.23
960,2019-10-06,Hayyim Balma,hbalmaqm@moonfruit.com,Mexico,shipped,108.69,Visa,FedEX,
961,2019-04-09,Tadeo Ferrick,tferrickqn@shutterfly.com,United States,delivered,78.61,Visa,RPS,5.68
962,2021-06-07,Sukey Aloshechkin,saloshechkinqo@usnews.com,Canada,delivered,139.64,Discover,USPS,18.2
963,2020-02-08,Mahala Hurtado,mhurtadoqp@sakura.ne.jp,Mexico,delivered,105.97,Discover,RPS,1.4
964,2021-06-15,Tersina Mandres,tmandresqq@clickbank.net,United States,pending,178.31,Discover,USPS,15.43
965,2020-06-16,Vita Clemensen,vclemensenqr@washingtonpost.com,Canada,shipped,188.49,Discover,RPS,5.65
966,2020-03-11,Tori Doidge,tdoidgeqs@umich.edu,Canada,delivered,115.23,Amex,USPS,4.54
967,2020-02-25,Sydney Kearsley,skearsleyqt@macromedia.com,Canada,delivered,238.58,Discover,RPS,8.68
968,2023-01-03,Rice Ottam,rottamqu@wikia.com,Canada,pending,86.66,Visa,FedEX,2.33
969,2020-07-27,Netta Willarton,nwillartonqv@blogtalkradio.com,United States,delivered,92.77,Discover,USPS,17.39
970,2022-10-29,Regina Moston,rmostonqw@timesonline.co.uk,United States,shipped,229.96,Mastercard,UPS,19.91
971,2019-02-09,Freddi Reddick,freddickqx@tmall.com,United States,delivered,193.88,Visa,UPS,15.28
972,2020-03-13,Alvy Ugo,augoqy@seattletimes.com,United States,delivered,138.65,Mastercard,FedEX,17.68
973,2023-04-30,Birch Lessmare,blessmareqz@dedecms.com,Mexico,delivered,157.66,Amex,FedEX,9.39
974,2022-11-27,Donal Kelk,dkelkr0@pen.io,United States,delivered,173.98,Amex,RPS,10.14
975,2022-05-02,Arte Rennolds,,Mexico,shipped,201.24,Visa,RPS,
976,2021-05-07,Chantal Maybury,cmayburyr2@army.mil,United States,delivered,187.73,Discover,UPS,11.03
977,2023-11-28,Taylor Sexcey,tsexceyr3@census.gov,Canada,delivered,218.24,Discover,UPS,16.71
978,2021-11-18,Emilio Rilston,erilstonr4@yandex.ru,United States,delivered,157.26,Visa,RPS,13.9
979,2023-09-11,Marius Atyeo,matyeor5@xinhuanet.com,Mexico,shipped,51.12,Amex,USPS,17.31
980,2020-04-26,Philippine Mathwen,pmathwenr6@pen.io,United States,shipped,185.75,Visa,USPS,14.23
981,2019-04-03,Isaak Buncom,ibuncomr7@wisc.edu,Mexico,delivered,210.46,Discover,FedEX,15.3
982,2023-08-28,Steven Blythin,sblythinr8@ucoz.ru,Mexico,pending,161.57,Amex,USPS,15.74
983,2023-06-28,Prudi Roman,promanr9@timesonline.co.uk,Mexico,shipped,204.62,Amex,USPS,2.82
984,2020-06-16,Lilla Pervew,lpervewra@berkeley.edu,Canada,delivered,110.69,Mastercard,RPS,11.33
985,2019-01-17,Llywellyn Munford,lmunfordrb@wikipedia.org,Canada,delivered,205.13,Mastercard,USPS,
986,2023-11-20,Pippa Kitchenside,pkitchensiderc@cpanel.net,Canada,shipped,133.98,Discover,USPS,14.31
987,2023-11-01,Aldin Casford,acasfordrd@nymag.com,United States,delivered,212.8,Visa,UPS,6.53
988,2022-07-14,Petey Satterthwaite,psatterthwaitere@abc.net.au,Mexico,delivered,220.47,Mastercard,UPS,13.86
989,2019-11-13,Cleopatra Otham,,Canada,delivered,232.88,Visa,RPS,10.1
990,2020-12-03,Jehu Tremberth,jtremberthrg@abc.net.au,Canada,delivered,244.37,Discover,USPS,11.99
991,2021-06-12,Dominik Corfield,dcorfieldrh@symantec.com,United States,pending,154.12,Discover,FedEX,11.16
992,2021-12-30,Peder Bucknall,pbucknallri@icio.us,Mexico,delivered,240.26,Visa,UPS,5.02
993,2020-05-18,Ahmed Coombe,acoomberj@loc.gov,United States,delivered,188.62,Amex,FedEX,12.71
994,2022-09-15,Saudra Ceschini,sceschinirk@nba.com,United States,delivered,105.36,Discover,USPS,12.17
995,2023-07-31,Tarrance Latham,tlathamrl@dell.com,Canada,pending,218.7,Visa,USPS,12.63
996,2019-04-03,Barty Bell,bbellrm@eepurl.com,United States,delivered,114.47,Discover,UPS,8.3
997,2023-09-22,Stewart Punter,spunterrn@yolasite.com,Canada,delivered,155.5,Visa,UPS,17.27
998,2019-02-23,Sherwynd Hardesty,shardestyro@deviantart.com,Mexico,delivered,245.48,Visa,UPS,19.86
999,2020-02-25,Doll Kristiansen,dkristiansenrp@ca.gov,Canada,delivered,163.07,Amex,FedEX,6.09
1000,2023-01-04,Hinda Radbond,hradbondrq@state.tx.us,Mexico,pending,140.91,Visa,FedEX,18.02
1001,2023-08-20,Ronna Crebott,rcrebottrr@cnet.com,United States,delivered,161.43,Discover,USPS,16.9
