DateTime,City,State,Shape,Duration,Summary,Posted
1/31/2016 23:10,Stanton,TX,Triangle,4 seconds,"Flying Triangle object Martin County, TX.",2/4/2016
1/31/2016 23:00,Emigrant Pass (near; foothills of),OR,Other,,"Seen a object with a solid orange bar that lit up bright on the base and the top, it moved slow like a helicopter and was 40 feet off t",2/4/2016
1/31/2016 22:00,Allentown,PA,Fireball,4 seconds,"Yellow beam of light falling from the sky, with a burning fireball tip.",2/4/2016
1/31/2016 20:57,Sandpoint,ID,Fireball,90 seconds,"Object came in from west to east below approx 500' elevation cloud cover , I thought it was a meteorite.",2/4/2016
1/31/2016 20:46,West Suffield,CT,Circle,~2 minutes,I saw 3 orange lights in a formation coming to a stop moving west to east.,2/4/2016
1/31/2016 20:45,West Suffield,CT,Circle,2 minutes,When letting my dog out approx 8:45pm I was checking out the stars when I turned around and saw 5 large bright orange lights flying in,2/4/2016
1/31/2016 20:30,Big Lake,AK,Circle,10 seconds,Orange circle with a rotating sphere on the top making no sound very fast,2/4/2016
1/31/2016 20:00,Ten mile,TN,Light,Seconds,I look at the sky every night and again a light moving close to Orion's belt and it disappeared.,2/4/2016
1/31/2016 20:00,Ten mile,TN,Circle,Seconds,Gazing at stars. This one was red and left a tail behind it. No noise again. ((NUFORC Note: Possible meteor?? PD)),2/4/2016
1/31/2016 20:00,Philadelphia,PA,Changing,10 minutes,"Eight fire ball shapes flying west , north, and straight up, but calm manner. They were focused.",2/4/2016
1/31/2016 15:00,Baltimore,MD,Triangle,,https://www.youtube.com/watch?v=Gq-yIuNsRtk ((NUFORC Note: Good video of a large cluster of orange lights. PD)),2/4/2016
1/31/2016 13:00,Hampton Bays,NY,Disk,4 seconds,It appears the he caught a UFO shooting out of the water possible doing a barrel roll. ((NUFORC Note: Bird in flight. PD)),2/11/2016
1/31/2016 5:30,Carmel,ME,Triangle,2-3 minutes,"Craft with lights in triangular form hovers, shines beam, then descends.",2/4/2016
1/31/2016 3:17,Port Charlotte,FL,Unknown,15 seconds,Sitting on porch and saw bright flash across sky through trees. No direct visual of an object. Thought it may have been lightning.,2/4/2016
1/30/2016 22:45,Parkersburg,WV,Formation,8 seconds,6 objects flying from WV across the Ohio river moving into different formations with no noise and fast.,2/4/2016
1/30/2016 21:00,Greenville,SC,,2 minutes,"Orange ball of light hovering over Greenville, SC.",2/4/2016
1/30/2016 21:00,Hopkins,MN,Formation,3 minutes,Mulitple points of orange-colored lights moving in formation over the ground and then accelerating into space.,2/4/2016
1/30/2016 20:00,Middleburg,FL,Sphere,6 minutess,Seven orange lights fly over SW Jacksonville,2/4/2016
1/30/2016 19:15,Rover,TN,Changing,10 minutes,V-shaped then spreading out into a long line with red lights in what looked like along the edges.,2/4/2016
1/30/2016 19:10,Pennsburg,PA,Light,Seconds,It looked like a shooting star but was larger and came straight down from the sky onto i assume the land. I was on my back porch and co,2/4/2016
1/30/2016 18:30,La Plata,MD,Fireball,2 seconds,"Bright green streak of light moving from east to west in La Plata, Maryland.",2/4/2016
1/30/2016 18:20,Dickinson,TX,Changing,6 minutes,Very bright colors.,2/4/2016
1/30/2016 18:17,Williamsburg,VA,Flash,10 seconds,Object falling in the sky disintegrated in bright white and light green flames.,2/4/2016
1/30/2016 18:17,Clark,NJ,Light,1 second,Light moving downward in western sky. Looked like meteorite that broke in two before disappearing.,2/4/2016
1/30/2016 18:00,Hillsville,VA,Fireball,10 seconds,"Bright white fireball, turned green as it fell and finally ""burned out.""",2/26/2016
1/30/2016 18:00,Coopersburg,PA,Fireball,1 minute,"Fireball Falls From Sky Bucks County, PA.",2/4/2016
1/30/2016 14:30,Rockville,MD,Other,Seconds,Two small white/metallic objects about 30 to 40 degrees below and equidistant to the sun,2/11/2016
1/30/2016 2:00,Naalehu,HI,Sphere,90 seconds,"Orange/Bright White Seeming Metallic Ball(40 ft diameter) Seen Descending Near South Point, Hawaii",5/6/2016
1/30/2016 1:00,Grande Prairie (Canada),AB,Light,1 hour,"Saw a blinking light in the sky, at first I thought it was a plane but then I noticed how it was moving. ((NUFORC Note: Sirius? PD))",2/4/2016
1/29/2016 23:55,Pontiac,MI,Triangle,2 minutes,"Object was triangular in shape, it had 9 lights on it made no noise, was flying above tree tops, at a low rate of speed.",6/1/2016
1/29/2016 23:50,Cerritos,CA,Fireball,1 minute,Odd Red- Orange orb - then becomes a fireball seen on 405 freeway in Orange county 1/29/2016.,2/4/2016
1/29/2016 23:00,Lafayette,LA,Chevron,1 minute,"Large grey, chevron-like, rows of lights underneath. Jan. 29, 2016, Lafayette, LA",2/4/2016
1/29/2016 22:45,Baltimore (West Hampden),MD,Triangle,5 minutes,In West Hampden. Swirling pulsing noise prompted me to look outside where I saw a large floating illuminated object by the tower/antenn,2/4/2016
1/29/2016 21:27,Burbank,CA,Circle,9 minutes,Red orbs crossing horizon.,2/4/2016
1/29/2016 21:00,Trenton,KY,Light,5 minutes,The three bright solid red lights changed to one solid purple light moving in several directions.,2/4/2016
1/29/2016 21:00,Orono,MN,Light,3 minutes,18-20 orange light spheres moving SW to NE. Silent. About the size of a nickel held at arms length.,2/11/2016
1/29/2016 20:00,Antioch,TN,Circle,10 minutes,"Formation of lights slowly moving over head, all pretty close to each other, never seen anything like this. Thought maybe drones? Whate",2/4/2016
1/29/2016 19:05,Fairbanks,AK,,5 minutes +,"19:05 Fairbanks, Ak. Seen at least 10 bright objects that appeared at first to be falling until I realized they we're coming from the N",2/4/2016
1/29/2016 18:45,Umatilla,FL,Formation,8 seconds,4 silent fiery lights heading towards Ocala National Forest NNW from Umatilla Jan 29th 2016 at 1845,2/4/2016
1/29/2016 18:00,Helenville,WI,Light,30 second,"Saw a round light hovering in sky like maybe a satellite but it was way to low. Then a larger light switched on like a spotlight,like i",2/4/2016
1/29/2016 14:24,New Orleans,LA,Circle,02 minutes,Object in the clear blue sky,2/11/2016
1/29/2016 14:10,Springfield,MO,Rectangle,10 minutes,"Clear sky. 2 section, rectangular, 3 dimensional, silver, low-flying object, approx. semi trailer size.",2/4/2016
1/29/2016 12:30,Rochester Hills,MI,Unknown,5 minutes,"Saw a stationary object in the sky giving off a light, the light grew and the craft vanished.",2/26/2016
1/29/2016 11:20,Indio,CA,Diamond,20 seconds,"Unknown black, diamond-shaped craft, slightly smaller than an F-16.",2/4/2016
1/29/2016 9:00,Barrington,NJ,Disk,7 minutes,Saucer like ship in the sky that was hovering unnaturally and made a immediate vertical ascent.,2/4/2016
1/29/2016 1:40,Murfreesboro,TN,Light,18 minutes,"Light source changed colors, no movement, then gone. ((NUFORC Note: Possible sighting of a star, perhaps Sirius?? PD))",1/29/2016
1/29/2016 0:15,Taos,NM,Other,10 minutes,2 large bright red lights flying as one object.,1/29/2016
1/28/2016 23:35,Littleton,CO,Circle,0.01,To fast and irregular to be man made.,1/29/2016
1/28/2016 23:00,Amsterdam,NY,Unknown,Several minutes,My mother saw a weird craft flying in an abnormal pattern. She said it had suddenly stopped behind the tree.,1/29/2016
1/28/2016 22:49,La Luz,NM,Light,3 minutes,"Yellowish/orange sphere seen by 3 witness in Alamogordo, New Mexico.",1/29/2016
1/28/2016 21:30,Tempe/Phoenix,AZ,Circle,5 minutes,4 bright circular lights in sky over South Phoenix.,1/29/2016
1/28/2016 21:00,Tome,NM,Light,30 minutes,I'm constantly seeing orange lights hovering over the bosque in los lunas.,1/29/2016
1/28/2016 20:40,Waukee,IA,Fireball,5 minutes,Large orange fireball moved across the sky from north to south.,1/29/2016
1/28/2016 20:15,Waukesha,WI,Fireball,5 seconds,Green object with light shot from tree top level into the sky.,1/29/2016
1/28/2016 20:15,Ayer/Harvard,MA,Sphere,,"3 reddish/orange orbs over rte 2 in Ayer, MA.",2/4/2016
1/28/2016 19:30,Phoenix (Fort McDowell),AZ,Light,20 minutes,Multiple lights hovering in a row North of Phoenix!,2/4/2016
1/28/2016 19:00,Portland,OR,Circle,,Saw three orange circles near each other and then they spread apart but weren't definitely airplanes or stars. They were slowly moving.,1/29/2016
1/28/2016 15:30,Rowlett,TX,Other,~2 minutes,I saw what looked like an airplane with a large orange flame behind it and the engine roar was quite loud.,2/4/2016
1/28/2016 14:00,Knoxville,TN,Triangle,20 seconds,Large triangular metal object hurling through the sky.,1/29/2016
1/28/2016 13:30,Forked River,NJ,,30 seconds each. 3X,"I live on water in South Jersey. On Jan 28, 2016. At approximately 13:30 I was in my home with my two adult children and 2 small grandc",2/4/2016
1/28/2016 13:23,Absecon (most reports),NJ,,90 minutes,"Analysis of ""sonic booms"" and shaking reported along New Jersey coast.",2/4/2016
1/28/2016 5:15,Shippensburg,PA,Unknown,3-4 minutes,Four large white lights on bottom flew directly overhead,2/4/2016
1/28/2016 1:30,Uniontown,OH,Other,>1 hour,"3 or more objects over Uniontown Ohio. ((NUFORC Note: Possible sighting of a twinkling star, perhaps Sirius?? PD))",1/29/2016
1/28/2016 0:30,Concord,OH,Flash,30 minutes,"Distant stationary object in SE sky, with flashing red and green lights. ((NUFORC Note: Probably Sirius, we suspect. PD))",1/29/2016
1/27/2016 20:45,Arden,NC,Triangle,5 minutes,I witnessed one loud triangle shaped aircraft flying very low over my home. Less than 5 minutes later another one came through. I did,1/29/2016
1/27/2016 20:15,Phoenix,AZ,Light,10-15 minutes,6 bright red lights ascending form horizon in the western sky.,1/29/2016
1/27/2016 19:30,Keaau,HI,Circle,3 minutes,Horizontal flying bright white lite that turns bright red and disappears.,1/29/2016
1/27/2016 18:07,Camdenton,MO,Cone,3+ hours,Brightly lit cone shaped object remained hours in same location making no sound. ((NUFORC Note: Sighting of Sirius?? PD)),1/29/2016
1/27/2016 18:00,St. Louis,MO,Light,2 seconds,"Bright ball coming from large star. ((NUFORC Note: We suspect the object may have been a ""twinkling"" star. PD))",1/29/2016
1/27/2016 17:33,Florence,CO,Circle,5 seconds,Yellow/orange sphere hovering 20' off the ground above a neighbors yard.,4/1/2016
1/27/2016 13:38,Ocean & Monmouth Counties,NJ,,10 seconds,We heard and felt what was like an earthquake throughout Southern New Jersey. ((NUFORC Note: Possible sonic booms from a/c? PD)),1/29/2016
1/27/2016 8:00,East Aurora,NY,Other,10 seconds,"Branch type stick hovered erratically, moved sideways in lateral position then disappeared into clouds.",1/29/2016
1/27/2016 6:00,Mumbai (India),,Chevron,1 second,Unknown object clicked along with ISS.,1/29/2016
1/27/2016 3:00,Falmouth,MA,Light,30 minutes,"At 3am, noticed this strange light, which looks like a bright star. My BR window looks due E. ((NUFORC Note: Planet? Planet? PD))",2/4/2016
1/26/2016 22:10,Rohnert Park,CA,Circle,10-15 minutes,"Cigar-shaped UFO seen flying low to ground, and flashing, in Rohnert Park.",1/29/2016
1/26/2016 20:30,Buckeye,AZ,Light,30 minutes,"Two large bright flickering amber lights seen in the southwest sky of Buckeye, AZ.",1/29/2016
1/26/2016 12:40,Route 66 West (Exit 50),VA,Flash,5 seconds,It was super fast. Idk what it was to be honest but It really freaked me out. I know it wasn't a shooting star cause it was a lot bigge,1/29/2016
1/26/2016 12:25,Moncks Corner,SC,Other,~2 seconds,"We, my husband & myself, heard a very loud, hard, noise and it seemed to impact the front of the roof over the kitchen and the porch.",1/29/2016
1/26/2016 7:05,Queen Creek,AZ,Light,A few seconds,"3 of us were looking at Venus and Jupiter in the early a.m. sky, when we noticed a large ball of light about the brightness of Venus.",1/29/2016
1/26/2016 1:26,Denver,CO,Unknown,Ongoing,Is anyone else seeing this now?? I'm downtown Denver and I'm looking W above the mountains. Really high up there are lights pulsating.,1/29/2016
1/25/2016 21:00,Seneca,KS,Diamond,1 hour,"Star in the sky that moved. An airplane would move in a straight line. ((NUFORC Note: Sighting of star, we believe. PD))",2/4/2016
1/25/2016 20:20,New Braunfels,TX,Light,7 minutes,On my porch facing southwest I saw an orange light in the sky about 7 to 10 miles out over the horizon headed east. I thought it was a,1/29/2016
1/25/2016 20:14,Manchester,CT,Disk,1 minute,I looked up and seen what I thought at first was a plane but when I realized that it was not.,1/29/2016
1/25/2016 19:28,Windsor (Canada),NS,Light,Continous,Flashing lights of mulitiple colors in sky. Not moving and flashes not consistant. ((NUFORC Note: Twinkling star? PD)),1/29/2016
1/25/2016 19:00,Boynton Beach,FL,Rectangle,7 minutes,"We were (my husband was driving and I was the passenger) traveling north on Congress Ave., Boynton Beach",1/29/2016
1/25/2016 18:35,Columbia,SC,Sphere,2-3 minutes,"BRIGHT light, east-facing, above I-20W",1/29/2016
1/25/2016 14:15,Salem,NM,Rectangle,10 minutes,"Massive square shaped lights forming 2 lines in the sky over Hatch, NM.",1/29/2016
1/25/2016 11:00,Salem,OR,Oval,~4 minutes,"White oval object, hovering very smooth.",1/29/2016
1/25/2016 5:45,San Diego,CA,Sphere,30 seconds,Steady light traveling at a high velocity across the southern dark morning sky.,1/29/2016
1/25/2016 1:11,Ten Mile to Knox,TN,Formation,Seconds,"Lights in Knox no noise. ten mile, triangler shape, it was black, red spot underneath it, three stories high off ground off 305. again",1/29/2016
1/24/2016 23:45,Whitestone,NY,Light,3 minutes,Bright light.,1/29/2016
1/24/2016 23:35,Auburn,WA,Light,4 minutes,Green bright light. Fast and slow. Circular patterns. Part force field around it. ((NUFORC Note: Laser advertising light?? PD)),1/29/2016
1/24/2016 23:00,Lake Elsinore,CA,Unknown,5 minutes,"Craft about the size of a 747, flying less than 1000 feet off the ground, hovering over a small hill near the 15 freeway.",1/29/2016
1/24/2016 22:30,Four Oaks,NC,Light,10 minutes,"Strange yellow lights near Garner, NC.",1/29/2016
1/24/2016 21:30,Lakveville,MN,Fireball,2 minutes,Two orange glows in the sky going fast an low with absolutly no sound of jet engines or rotor blades.,1/29/2016
1/24/2016 19:45,Henderson,NV,Fireball,2-3 minutes,"Two orangish glowing orbs silent, extreme acceleration and speed.",1/29/2016
1/24/2016 18:45,Huntingdon,TN,Formation,2 minutes,"There were three reddish orange lights, then a fourth light came up and joined the first three then all four disappeared.",1/29/2016
1/24/2016 18:43,Montevallo,AL,Light,45 seconds,"We were heading towards W, when I look into the sky and saw at first one light that seemed between yellow & orange.",1/29/2016
1/24/2016 18:10,Virginia Beach,VA,Unknown,15 minutes,Walked outside & the object caught my attention. I live behind Oceana Air Base (US Government owned). ((NUFORC Note: Sirius? PD)),1/29/2016
1/24/2016 18:00,Loveland,CO,Formation,15 minutes,My husband called me and told me that there where lights over the mountains towards the west and I looked and saw quite a few like 5 bu,1/29/2016
1/24/2016 18:00,Douglas,GA,Cross,~2 minutes,I work for circus pages and after our last show I was loading the animals and I looked up for some reason and thought I saw a helicopte,1/29/2016
1/24/2016 17:40,Sterling,IL,Light,5 minutes,20 pulsing orange orbs fly a few miles before disappearing.,1/29/2016
1/24/2016 16:49,Bolton,NY,Changing,05-07 minutes,"Object over Lake George, NY observed by commercial aircraft",2/4/2016
1/24/2016 4:30,Reno,NV,Circle,75 minutes,4-5 UFO's (orange lights) circled around a bobbling circular UFO mothership (white light with a red light on the top or rear),2/11/2016
1/24/2016 2:41,Ridgecrest,CA,Sphere,5 minutes,Orange Orb With Odd Flight-path In Sky.,1/29/2016
1/24/2016 1:00,Damascus,MD,Light,>30 minutes,"When getting ready for bed, I noticed an object moving across the sky. It was emitting a red and blue-green light.",1/29/2016
1/23/2016 23:45,Azusa,CA,Triangle,1 minute,"8 bright yellow red and orange triangular objects. One was blinking, then they disappeared.",1/29/2016
1/23/2016 22:30,Council Grove,KS,Light,1 minute,"Red orange light hovered in the sky in front of my car, then disappeared.",1/29/2016
1/23/2016 21:20,Long Beach,CA,Circle,5 minutes,"Large bright orange circle, rapidly ascending from sea level straight up in to the stars.",1/29/2016
1/23/2016 20:23,Quartzsite,AZ,Changing,30 minutes,UFO changes from red to green to white then projects a beam to the ground that also changes color.,1/29/2016
1/23/2016 20:15,Huntington,TX,Light,5-8 minutes,Seven orange lights moving slowly at low altitude beside highway.,1/29/2016
1/23/2016 19:45,Santa Fe,NM,Flash,5 seconds,"Green-blue, thick, falling star-like flash.",1/29/2016
1/23/2016 19:07,Concord,CA,Sphere,2 minutes,"Ball shaped object with green glow in sky near full moon. ((NUFORC Note: Lens flares, caused by photographing the Moon. PD))",1/29/2016
1/23/2016 18:45,Spring,TX,Fireball,15:00,Orange lights from Northeast to Southwest.,1/29/2016
1/23/2016 18:25,Franklin,TN,Fireball,3 minutes,"2 orange balls of light approaching from the W and moving ESE slowly and silently, disappeared one by one as get closer.",1/29/2016
1/23/2016 18:09,Niles,MI,Other,~4 minutes,I saw a black line crossing the face of the moon. The line covered approx 5% of the visable moon.,1/29/2016
1/23/2016 12:00,Stafford,VA,Triangle,3 minutes,I saw 3 triangluar crafts sit there outside they where then gone when i got to get my phone.,1/29/2016
1/23/2016 10:30,Yuma,AZ,Egg,12 minutes,"Videoed 2 egg shaped, multi-color pulsing craft near full moon above Yuma.",1/29/2016
1/23/2016 2:30,Orting,WA,Triangle,5 minutes,The second sighting in my life in the same spot.,1/29/2016
1/23/2016 1:00,Honolulu,HI,,2 seconds,Green-blue streak over nightime ocean.,1/29/2016
1/23/2016 0:00,Pasadena,CA,Cylinder,1 minute,Series of 4 white lights appeared to be part of a single craft hovered almost 1 minute over eastern Pasadena at about 2000 ft.,1/23/2016
1/22/2016 23:55,Tacoma,WA,Other,15 seconds,Flaming silent object near joint military base JBLM in south Tacoma.,1/23/2016
1/22/2016 21:45,Salt Lake City,UT,Light,10 minutes,Four fast moving lights moving east to west across the sky for 10 minutes before fading away.,1/23/2016
1/22/2016 20:00,Appleton,WI,Light,10 seconds,Ball of light in the sky was falling to the ground.,1/23/2016
1/22/2016 19:00,Hoquiam,WA,Fireball,15 minutes,7 fireball UFO crafts pass over Hoquiam.,1/23/2016
1/22/2016 12:00,Antinito,CO,Cylinder,,Object discovered in picture.,2/4/2016
1/22/2016 5:48,Middle Village,NY,Other,2 minutes,Bright object arched path across dark sky.,1/23/2016
1/22/2016 4:55,Centreville,VA,Disk,5 minutes,My daughter and I looked out the window and saw a mysterious flying object. It is grayish in color.,1/23/2016
1/21/2016 23:30,Burbank,CA,Sphere,1-2 minutes,"Large bright orange sphere, rapidly descending from NE to W.",1/23/2016
1/21/2016 22:10,Maywood,CA,Cylinder,ongoing,Flying object moving towards planet.,1/29/2016
1/21/2016 22:00,Phoenix,AZ,Disk,4 minutes,HUGE BLUISH AND PURPLE DISK-LIKE SAUCER HOOVERING ABOVE THE CANYON SKYLINE,1/29/2016
1/21/2016 22:00,Clayton,CA,Circle,5 minutes,Two bright red circular objects. Hovered brightly in one spot and then vanished.,1/23/2016
1/21/2016 22:00,Port Adelaide (South Australia),,Triangle,Minutes,I was driving north on the lefevre peninsula. Just over the birkenhead bridge. I looked up and saw a triangle flying in the same direct,1/23/2016
1/21/2016 21:00,Skokie,IL,Sphere,Still,I notice everyone stopping their car to take pictures of this reddish orange sphere.,1/23/2016
1/21/2016 19:00,Santa Maria,CA,Oval,7 minutes,GLOWING GREEN PULSATING ROUND OBJECT IN SKY TONIGHT.,1/23/2016
1/21/2016 18:24,Durham,NC,Triangle,20 seconds,Triangle craft.,2/4/2016
1/21/2016 11:30,Asheville,NC,Unknown,90 seconds,UFO followed by JETS,2/4/2016
1/21/2016 11:30,Asheville,NC,Unknown,30 seconds,At 11:30 am I witnessed a seemingly round craft flying west to east in the sky directly above me.,1/23/2016
1/21/2016 3:00,North Canton,OH,Fireball,4-6 minutes,"((HOAX??)) Sound very loud like an engine, shook windows of home. Fireball could be seen in the W sky for @5 min..",1/23/2016
1/21/2016 2:00,Manassas Park,VA,Disk,20-25 minutes,Saucer move close slowly. Came to rest above neighbors house. Size of city bus. Windows and flashing lights.,1/23/2016
1/20/2016 20:00,Barre Town,VT,Circle,10 seconds,"3 bright-warm yellow colored solid circles-tear shape (?), dancing in-out of clouds in circular pattern. Lasted 5-10 sec; 2 times over",1/20/2016
1/20/2016 19:00,Norwich/Thetford,VT,Other,10 minutes,Trio of very bright lights appear then fade,1/23/2016
1/20/2016 19:00,Montpelier,VT,Circle,1-2 minutes,"Red, twinkling, disappearing and reappearing lights in the sky.",1/20/2016
1/20/2016 18:12,Levittown,PA,Rectangle,5 minutes,"Large, low-flying boomerang-shaped object moving very slowly over Levittown, PA, 1/20/16.",1/23/2016
1/20/2016 17:20,Las Vegas,NV,Changing,10,"Blinking red, green and blue lights. ((NUFORC Note: Possibly a ""twinkling"" star?? PD))",1/29/2016
1/20/2016 6:07,Sunnyside,WA,Unknown,15 minutes still there,Lights just appeared and no movement the disappeared. ((NUFORC Note: Planets in the eastern morning sky? PD)),1/20/2016
1/19/2016 23:00,Millville,NJ,Fireball,2-3 seconds,"Strange green fireball shooting toward the ground, seen driving on Route 55 south",1/23/2016
1/19/2016 17:59,Bray (Ireland),,Light,10 seconds,Two bright stationary objects that suddenly appeared and slowly faded while staying in the same position. Duration 10 seconds.,1/20/2016
1/19/2016 10:30,Clio,MI,Circle,30 minutes,"Was driving down I-75 south, saw extremely right lights to the right of the freeway and it did not move for at least 10 mins.",1/20/2016
1/19/2016 8:49,Cedar Springs,MI,Unknown,30 seconds,A bright light changed intensity over 30 seconds.,1/20/2016
1/19/2016 6:25,Little Chute,WI,Oval,1 minute,"Distinct orange oval globes seen twice south of Little Chute, WI on 2 different dates and times in Jan 2016.",2/4/2016
1/19/2016 5:45,Camby/Indianapolis,IN,Light,60 seconds,6 vertical beams of light in the morning sky.,1/20/2016
1/19/2016 5:30,Foley,MN,Disk,3 hours +,UFO hovering over Sherburne- more than 3 hours. ((NUFORC Note: Possible sighting of 5 planets in eastern a.m. sky? PD)),1/20/2016
1/19/2016 3:00,Ivor,VA,Other,3 hours,Stargazing at 3am... We were not supposed to see this...,1/20/2016
1/18/2016 23:50,Manheim,PA,Light,Few seconds,Bright White Light Moving Slowly Above Buildings Then Arked Sharply Downward,1/20/2016
1/18/2016 23:20,Bakersfield,CA,Fireball,2 minutes,A ball engulfed in flames tumbled through the sky towards the south as I was taking out the trash. I ran inside and got my brother and,1/20/2016
1/18/2016 22:40,Scottsdale,AZ,Light,unknown,Bright white lights and lots of helicopters.,1/20/2016
1/18/2016 20:45,Anchorage,AK,Light,2 seconds,Two separate bright lights within a few seconds of each other.,1/20/2016
1/18/2016 20:45,Goodyear,AZ,Light,2,"Three in triangle form followed by approximately 12 others, tight formation, quickly disappeared",1/20/2016
1/18/2016 20:30,Heber City,UT,Formation,3 minutes,Five oranges lights in a formation slowly moving east and fading away.,1/20/2016
1/18/2016 20:00,Fort McMurray (Canada),AB,Other,10-15 minutes,Was walking home from work seen four red circles moving in the sky as if they were weightless me and several people in the community se,1/20/2016
1/18/2016 19:07,Effort,PA,Disk,10 minutes,2 blue/red/white lights saucers hovering near my house.,1/20/2016
1/18/2016 16:00,Hillsboro,ND,Circle,5 minutes,"7 or 8 bright round, or cylinder shaped, orange balls,moving high across the sky in staggered, but straight line formation. Enter",1/20/2016
1/18/2016 7:41,Coleman,WI,Other,2 seconds,Bright light with trail heading straight towards ground off in the distance. ((NUFORC Note: Possible meteor?? PD)),1/20/2016
1/17/2016 20:30,New York City (Manhattan),NY,Other,2 minutes,Bright white circular cloud with rotating orbs and metallic light,1/20/2016
1/17/2016 19:30,Angleton,TX,Light,5 minutes,Me and my wife we're driving from lake Jackson to Angleton on 288 look up and saw a bright lite thought it was a star.,1/20/2016
1/17/2016 15:00,Ponte Vedra,FL,Formation,5 minutes,10 oblong metallic objects creating formations high in air,1/20/2016
1/17/2016 14:56,Mineola,TX,Other,20 seconds,Extreme altitude object moving at high speed North. Possible near Earth pass by a large asteroid.,2/4/2016
1/17/2016 11:47,Joppatown,MD,Other,1 minutes,ISS live feed images.,2/26/2016
1/17/2016 11:00,San Francisco,CA,Triangle,,A photo showing what appears to be a flying object above a ship in San Francisco.,1/20/2016
1/17/2016 4:15,Accord,NY,Triangle,2 minutes,Three gold/white lights - either an individual craft of three separate in tight formation - silentlymoving at slow speed - traveling S-,1/20/2016
1/16/2016 23:30,Trou-Aux Biches (Mauritius),,Circle,5 minutes,Perfect circle cloud.,1/20/2016
1/16/2016 22:00,Amery/Star Prairie,WI,Other,,"Saw big white lights, scattered 100 miles appart, sparks off of the light, looked like it bouned on the atmosphere but under clouds.",1/23/2016
1/16/2016 21:12,Neskowin,OR,Oval,10 seconds,"The misty, illuminated oval traveled from the East losing altitude until it disappeared into the ocean.",1/20/2016
1/16/2016 21:00,Bend,OR,Chevron,5 minutes,We were driving East on Cooley Road and saw an extremely bright white light in the distance. This light flew parallel of us until we tu,1/20/2016
1/16/2016 19:54,Woodside,NY,Oval,10 minutes,"We saw a large, oval bright blue light in the sky that stayed for about 10 minutes. ((NUFORC Note: Advertising lights. PD))",1/20/2016
1/16/2016 19:54,Woodside,NY,Oval,10 minutes,An enormous purple/indigo oval shaped light seen peering through the clouds. ((NUFORC Note: Advertising lights. PD)),1/20/2016
1/16/2016 19:35,Mill Spring,NC,Cigar,5 minutes,Slim object with band of flickering lights seen hovering above nearby mountain peak - making unbelievable erratic maneuvers.,1/20/2016
1/16/2016 19:30,Sacramento,CA,Circle,5 minutes,Flying object with red flames shooting from top,1/20/2016
1/16/2016 19:00,Greensburg,PA,Other,3 minutes,Lantern-shaped lights in the sky.,1/20/2016
1/16/2016 18:30,Denvile,NJ,Circle,4 seconds,Driving along route 10 near tabor road in morrisplains and saw two white lights with a red light at the center,1/20/2016
1/16/2016 17:54,Deerfield Beach,FL,Circle,3 minutes,2 dark circles moving parallel in the sky and disappearing abruptly after few minutes,1/20/2016
1/16/2016 16:45,Florham Park,NJ,Disk,,Objects appeared in photo taken at sunset.,1/20/2016
1/16/2016 15:00,Columbia,SC,Disk,20 seconds,Extremely fast bullet shaped craft moving E-W no sound. Veteran observer.,1/20/2016
1/16/2016 3:00,Kawartha Lakes (Canada),ON,,20 minutes,Bright Light followed by pulsating red glow,1/20/2016
1/16/2016 1:00,Roseburg,OR,Fireball,1 minute,"I was standing on my front deck which faces to the west ,looking south talking to a friend on the phone when 3 orange looking orbs,or s",1/20/2016
1/16/2016 1:00,Manassas Park,VA,Disk,every night from 01-13-16,"At times resembles a star. At times resembles cigar shape standing on end, or disk with lights circling the disk. Two of them over Quan",1/20/2016
1/15/2016 0:00,Scranton,PA,Rectangle,15 minutes,"((HOAX??)) UFO over Scranton, PA.",1/20/2016
1/15/2016 23:00,Warren,IL,Circle,5 minutes,Bright star. but with binoculars I saw green lights with < in solid white inside right side of circle.,1/23/2016
1/15/2016 22:30,Morganza,MD,Light,1-3 minutes,((HOAX??)) I happened to look up and stare for a moment at the stars and noticed one the stood out the most.,2/11/2016
1/15/2016 20:30,Austin,TX,Circle,5 minutes,"2 orange lights and a giant white circle spotted in Austin, TX",1/20/2016
1/15/2016 20:00,Sherwood Park (Canada),AB,Formation,5 minutes,"Red lights in sky, flying in formation.",1/20/2016
1/15/2016 19:15,Liverpool,NY,Light,15-20 minutes,"Red/orange light moving very slowly above treeline, with no sound.",1/20/2016
1/15/2016 17:30,Round Rock,TX,Light,5 minutes,"I was playing with grand kid and lay on ground and looked up and saw them stationary, now one did move quickly but just a short dist..",1/20/2016
1/15/2016 14:00,Carson City,NV,Unknown,45 seconds,"I was training horses (4) when they all stopped to look in to the south east sky @about 50 degrees, then a loud blast ( like a air-brak",1/20/2016
1/15/2016 11:45,Road,TX,Diamond,1 minutes,Diamond in the sky.,1/20/2016
1/14/2016 22:30,Mount Airy,NC,Light,15 seconds,"((HOAX??)) Blue light over Mount Airy, NC.",1/20/2016
1/14/2016 22:05,Dayton,TN,Cigar,2-3 seconds,"I saw a bright green, cigar-shaped object streak across the sky and veer off course.",1/20/2016
1/14/2016 22:00,Marion,IN,Triangle,1 minutes,Triangle shaped ufo over I-69 Marion exit,1/20/2016
1/14/2016 21:10,Marion,IA,Fireball,3 minutes,"Burning fireball traveling fast over Marion, Iowa, towards the northeast.",1/29/2016
1/14/2016 20:00,Conway,SC,Flash,2 seconds,"Bright blue green orb went across sky , then arced down. The obj. disappeared in the middle of a clear sky with no obstructions.",1/20/2016
1/14/2016 19:55,Florence,SC,,2 seconds,Neon light 'dripped' from the sky like a huge droplet.,1/20/2016
1/14/2016 18:45,I-495 North (driving on),MD,Triangle,10-15 seconds,Triangle UFO over Maryland Highway 495N.,1/20/2016
1/14/2016 18:30,Burbank,OH,Fireball,5 minutes,I saw a rather large fireball in the sky that did not move for around five minutes.,1/20/2016
1/14/2016 18:25,Antioch,IL,Sphere,10 minutes,Seen in the E sky heading N at least 50 or more moving not in a flight path pattern bright red sphere shapes.,1/20/2016
1/14/2016 18:20,Antioch,IL,Sphere,3 minutes,Formation of orange spheres in sky.,1/20/2016
1/14/2016 14:45,Philadelphia,PA,,3.5,"Flashing red/ green light, circling in sky. NE Philly. ((NUFORC Note: We suspect the time is wrong, but will check. PD))",1/20/2016
1/14/2016 13:50,Bakersfield,CA,Unknown,5 minutes,Plane trailing behind gray smoke coming from unseen object.,1/20/2016
1/14/2016 13:00,Jerome,AZ,Other,Seconds,"4 unknown objects in the daytime sky appear in a photo, though they were undetected at the time the photo was taken.",1/20/2016
1/14/2016 7:20,Bradenton,FL,Other,2-3 minutes,"Unexplained Sighting Over BRADENTON, FL *January 14th, 2016 7:20 a.m *",1/29/2016
1/14/2016 6:30,Hendersonville,NC,Light,2.5 hours,"Very bright object in the sky with faint red light at the top, not a star. ((NUFORC Note: Venus? PD))",1/14/2016
1/14/2016 6:30,Santa Clarita,CA,Circle,6 hours,Very large UFO chased away with fighter jets numerous times,1/20/2016
1/14/2016 3:15,North Hollywood,CA,Circle,10 seconds,Facing SE from 2nd floor apt. Facing Studio City/Burbank. Glowing turquoise circular light.,1/20/2016
1/14/2016 0:00,"Curchorem, Savordem (Goa)(India)",,Disk,7 minutes,It was Just a True Event that I Saw during this Sighting! It was not a Fake Sighting! It was Witnessed by 4 People. It was a True UFO!!,2/26/2016
1/13/2016 23:19,Albuquerque,NM,Oval,4 minutes,We watch a orange light on the E side of town move from L to R. We then saw it drop what looked like a long line.,1/20/2016
1/13/2016 22:15,Cedar Falls,IA,Fireball,10 minutes,Red/Orange sphere seen descending over Cedar Falls/North Cedar.,1/14/2016
1/13/2016 21:50,Seattle,WA,Cigar,2 seconds,"Cigar shape with wings, the wings were, one on top of the craft the other on the bottom. It looked on fire or all lit up.",2/4/2016
1/13/2016 21:50,Sutherlin,CA,Fireball,Fireball in sky,I was driving home from work tonight going N and it was very dark and there was light fog. On the right side of the freeway.,1/14/2016
1/13/2016 21:50,Conway,AR,Light,5,Five yellow lights hovering in formation.,1/14/2016
1/13/2016 21:45,Maumelle,AR,Chevron,90 seconds,"2 large lights descended over the hwy., a row of lights appeared before breaking away in two pieces and reappearing.",1/20/2016
1/13/2016 20:11,Mecca,CA,Other,Unsure,Very bright just appeared then more appeared out of nowhere.,1/23/2016
1/13/2016 19:00,Albuquerque,NM,Light,10 seconds,2 adjacent yellow orange lights with large space between move across sky before vanishing CLEARLY VISIBLE!,1/14/2016
1/13/2016 18:45,Kamloops (Canada),BC,Unknown,1-2 minutes,"Massive dome shaped bright brilliant blue light, like a huge welding arc spanning a massive distance on the hor., of crown land.",1/14/2016
1/13/2016 18:27,Metairie,LA,Light,3-5 seconds,I was walking on Meadowdale St. by St. Ann's church when I saw a bright white light move in an arc across the sky w/ a dimmer white.,1/14/2016
1/13/2016 18:05,Longview,MO,Teardrop,2 minutes,Three large red and white lights hovered aand moved slowly until fizzing out slowly within about 5 seconds.,1/14/2016
1/13/2016 16:20,Phoenix,AZ,Other,12,Sighting of small white orbs high over Phoenix.,1/20/2016
1/13/2016 13:00,Woodland Township,NJ,Light,10,"Bright light with flashing lights hovering over rte 72, lt began following me. Scared tried to get away.",1/20/2016
1/13/2016 6:30,Winter Park,FL,Rectangle,5 minutes,Wide object (football field plus) with bright white lights and two flashing,1/14/2016
1/13/2016 6:20,Danville,VA,Diamond,30 minutes,"I turned onto my road from my drive way. As soon as I straightened up, I saw it. I thought what in the heck is that!! I drove several m",1/14/2016
1/13/2016 4:30,Peoria,AZ,Light,10 seconds,I had gone out for a walk at 3:00am Wednesday 1/13/2016 which is approximately a six mile walk I had turned right back off the street a,1/23/2016
1/12/2016 23:00,Columbus,OH,Triangle,20 seconds,L-shaped lights.,1/14/2016
1/12/2016 22:30,Knoxville,TN,Flash,5 seconds,I was driving to work last night when I saw a flash of light streak across the sky and then disappear. I was heading southwest.,1/14/2016
1/12/2016 22:30,Lafayette (14 mi. E of),LA,Other,~1 minute,Half V-formation lights with plan not far behind.,1/14/2016
1/12/2016 22:30,Elk Grove Village,IL,Cigar,20 seconds,I was outside with my boyfriend on our back patio. I live right next to airport so I'm used to seeing lots of lights and airplanes and,1/14/2016
1/12/2016 20:30,Lake Havasu City,AZ,Sphere,3 minutes,"Bright, moving fast orange sphere over Lake Havasu City.",1/14/2016
1/12/2016 19:00,Columbia,MS,Triangle,,"Aunt, sister, and I was traveling home when we notice a colorful flying object in the sky on the opposite side of the hwy..",1/14/2016
1/12/2016 17:40,Houston,MO,Cigar,15 minutes,"Two narrow, black cigar shaped objects in the horizon that moved towards each other then away very slowly as if they were frozen.",1/14/2016
1/12/2016 17:30,Joplin,MO,Cigar,30 minutes,"Grey cigar-shape, w/ short Chem Trail traveling at high rate of speed northbound over Carl Junction/Joplin Mo area.",1/14/2016
1/12/2016 14:00,Colorado Springs (east of),CO,Changing,3 minutes,"Dark, elongated horizontal streak, which changed shape, seen by airline passengers over southern Colorado on January 12, 2016.",1/20/2016
1/12/2016 7:48,Wichita,KS,Circle,2 minutes,We all looked and saw an airplane leaving a contrail lit up by the rising sun.,1/14/2016
1/12/2016 2:10,Lafayette,CO,Unknown,10 minutes,The sky was pitch black but when looking towards the South/West I saw an object(s) with numerous lights. One of the lights was pulsing,1/14/2016
1/11/2016 22:00,Rifton,NY,Rectangle,3-5 minutes,Saw a rectangular object fireball orange/reddish/yellow approximately 300 feet up moving in a straight path east northeast direction.,1/14/2016
1/11/2016 21:30,Gilbert,AZ,Triangle,On going,Driving in Gilbert. Looking to the west towards south mountain there was three lights equally spaced forming a triangle shape. It was,1/14/2016
1/11/2016 21:00,Biloxi,MS,Teardrop,45 minutes,"Bright red lights moving slowly, that hovered shortly, no noise, then went straight up and disappeared a minute later.",1/14/2016
1/11/2016 20:30,Bolton (Canada),ON,Light,30 minutes,Circular changing lights. ((NUFORC Note: Possibly Sirius. PD)),1/14/2016
1/11/2016 20:20,Fountain,CO,Diamond,2 minutes,"Craft hovers over neighborhood, then moves sideways and disappears.",1/14/2016
1/11/2016 20:00,Nashville,NC,Light,20 minutes,"""Helicopter"" lights are completely silent while moving very slowly through night sky.",1/14/2016
1/11/2016 19:50,Ivanhoe,NC,Triangle,10 minutes,"An object with red flashing lights flying low in front of my house in open blueberry field, and then to the left of my house over small",1/14/2016
1/11/2016 19:30,Wrightsville,GA,Circle,1-2 hours,Unbelievable lights over Georgia.,1/14/2016
1/11/2016 19:30,Denton,MD,Light,12-15 seconds,Traveling NW there were 4 dim lights perfectly in order side to side. The color was a brownish white light. The craft on the left made,1/14/2016
1/11/2016 19:00,Raleigh,NC,Other,60 seconds,Bright flashing and kept moving fast and faded.,1/14/2016
1/11/2016 18:30,Natchitoches,LA,Light,15-20 minutes,Traveling north on interstate 49 in Louisiana between Nacogdoches Louisiana and Shreveport I witnessed to bluish green objects lights,1/14/2016
1/11/2016 18:18,Kingsburg,CA,Triangle,2 minutes,"Triangle objects near Kingsburg, CA.",1/14/2016
1/11/2016 17:03,St. Louis,MO,Fireball,15 minutes,I believe I was abducted for a short period of time. I have a new scar on my armpit.,1/14/2016
1/11/2016 16:30,Snellville,GA,,15 minutes,Two large light in clouds over Atlanta.,1/14/2016
1/11/2016 7:00,Dixmont,ME,Triangle,10 seconds,Similr to the black knight satelite but had triangle wings on top and was silver and red on the lower left side of the barrell shape,1/14/2016
1/10/2016 22:40,Four Oaks,NC,Light,15 minutes,"Strange yellow lights near Garner, NC",1/14/2016
1/10/2016 22:30,Ocala,RI,Diamond,2-3 minutes,"I walk my dogs every night about 10:30 or 11:00. A COUPLE MONTHS AGO i spotted two diamond shaped objects in the West,NorthWest sky.Abo",2/11/2016
1/10/2016 20:00,Snohomish,WA,Changing,6 hours,This all started on 10 January with 5 strange lights in the sky that changed colors. ((NUFORC Note: Stars?? PD)),2/11/2016
1/10/2016 16:53,Denver,CO,Teardrop,5-10 seconds,Object had a tail and maintained shape and speed.,1/14/2016
1/10/2016 16:00,Cooperstown,NY,Rectangle,5-8 minutes,Slow moving white rectangle with bright amber lights on bottom. Clear blue sky at the time of sighting. Post stormy day.,1/14/2016
1/9/2016 22:00,Hampshire,IL,Light,3 hours,Light was always in the same place and always last 2-3 seconds. Scariest thing was it went from the ground to the sky and was blue.,1/14/2016
1/9/2016 22:00,Rockville,VA,Triangle,15,"Huge flash to right side of sky, then triangle object appeared after &quot;summoning&quot;?? Please help",2/4/2016
1/9/2016 21:30,Bainbridge Island,WA,Light,10 minutes,2 glowing redish orbs spotted NW of island.,1/14/2016
1/9/2016 20:00,Corona del Mar,CA,Light,,((HOAX. Contact information is bogus.)) Mysterious bright lights in Pacific Ocean.,1/14/2016
1/9/2016 8:30,Pueblo,CO,Light,2-5 minutes,Two bright red lights that disappeared.,1/14/2016
1/9/2016,Hutchinson,KS,,,Read Hutchinson News Kansas today front page on cattle mutilation happening in area again.,1/14/2016
1/8/2016 23:40,Meridian,ID,Unknown,3 minutes,Rapidly flashing lights.,1/14/2016
1/8/2016 23:00,Issaquah,WA,Oval,30 minutes,"January 9, 2016. Last night there was a very bright light in the sky over Issaquah. It was a very clear sky.",1/14/2016
1/8/2016 22:15,Surprise,AZ,Light,,"5 amber lights floating low in the sky, with 3 in a triangular shape and shifting positions. Lights slowly disappeared one by one.",1/14/2016
1/8/2016 21:30,Pasadena,TX,Circle,3 seconds,Bright white large ball did not change size and went out of sight. Flew at at a slight arc and disappeared.,1/14/2016
1/8/2016 19:20,Susanville,CA,Light,1-2 minutes,More Russian space-junk?,1/14/2016
1/8/2016 8:10,Royal Oak,MI,Light,5-10 minutes,I saw a white light due south just above the horizon. It looked like a bright white star. It was motionless and it sat stationary in th,1/8/2016
1/8/2016 2:30,Birmingham,AL,Other,1 minute,What is this type of object without lights?,1/14/2016
1/8/2016 2:23,Las Vegas,NV,Light,1 minute,Green blinking light in the sky.,1/8/2016
1/7/2016 21:18,Odessa,TX,Cylinder,1 minutes,Helicopter chasing UFO.,1/8/2016
1/7/2016 20:30,Clanton,AL,Cylinder,20 minutes,Cylinder or Cigar Shaped Object (Vertical) with 3 Orange Lights.,1/14/2016
1/7/2016 20:00,Unity,PA,Fireball,3 minutes,"Yellowish/orange sphere seen over town of Mutual, PA, near Kecksburg, PA.",1/14/2016
1/7/2016 17:15,Candler,NC,Sphere,10 minutes,"Cluster of black spheres seen over Candler, NC.",1/8/2016
1/7/2016 16:40,Brodheadsville,PA,Light,12 minutes,Object 'falling' with trails of steam/ice in the sky and shiny object motionless below it.,1/8/2016
1/7/2016 12:25,New York City (Brooklyn),NY,Oval,1 minute,Object shows up in photo but not to the naked eye.,1/14/2016
1/7/2016 8:45,Honolulu,HI,Light,20,"((HOAX??)) Objects looked like low descending meteors, until they started dramatically changing paths in various zig-zag formations.",1/8/2016
1/7/2016 3:00,Greenville,SC,Unknown,<1 second,"Object appeared to fall straight down through overcast skies, growing brighter green before falling out of sight.",1/8/2016
1/6/2016 23:16,Jenkins,KY,Formation,5 minutes,Formation Re-Fueling UFO.,1/8/2016
1/6/2016 21:30,Holden,ME,Unknown,2 hours,High altitude object??????,1/8/2016
1/6/2016 21:30,North Vancouver,BC,Disk,15,"We saw a giant silent floating disc hovering above Deep Cove's marina inlet in North Vancouver, shining very bright lights around.",1/8/2016
1/6/2016 21:30,North Vancouver (Canada),BC,Disk,1-2 minutes,"Giant mother ship sighted in Indian Arm-Mount Seymour side, from Deep Cove.",1/14/2016
1/6/2016 19:30,Scottsdale,AZ,Changing,>1 hour,Three bright lights in a triangle formation low on the horizon; disappearing and reappearing as well as traveling.,1/8/2016
1/6/2016 19:00,Goliad,TX,Circle,2 seconds,"Orange orb seen in South Tx, heading north",2/4/2016
1/6/2016 19:00,Bow,NH,Unknown,30 minutes,We were walking the dog.. we stood at the powerlines and watched there would be a pink flash and then one would appear. they were compl,2/4/2016
1/6/2016 18:30,Nashville,TN,Light,1 second,Green light quickly shoots across sky and changes direction before fading.,1/8/2016
1/6/2016 18:00,Vassar,MI,Triangle,5 minutes,"Silent, hovering craft.",1/29/2016
1/6/2016 18:00,Albuquerque,NM,Triangle,2 minutes,Last night after dinner me and my girlfriend went outside to smoke a cigarette. Me and my girlfriend are constantly witnessing strange,1/8/2016
1/6/2016 17:30,West Hartford,CT,Light,8 minutes,4 red lights in a line some distance apart flying towards downtown Hartford. Theses lights were very high in the sky. No strobes but a,1/8/2016
1/6/2016 6:30,Oswego,IL,Rectangle,5 minutes,((HOAX??))3 lights.,1/8/2016
1/6/2016 6:00,Hubertus,WI,Light,30 seconds,On my deck pre-dawn (dark) 6am 1/6/2016 observed planet-sized bright light quickly moving overhead and out of line of sight (house),1/8/2016
1/6/2016 5:55,Phenix city,AL,Cone,1 minutes,I was heading to work around 05:50 when I spotted a different looking object in the sky. It looked nothing like an aircraft carrier. I,1/8/2016
1/6/2016 5:50,Arlington/Marysville,WA,Chevron,3-5 minutes,"As a pilot I recognized these as aircraft landing lights, but they never moved.",1/14/2016
1/6/2016 5:45,Sarasota,FL,Triangle,15 minutes plus,"Triangle bright light, hovering low altitude.",1/14/2016
1/6/2016 4:30,Putnam,CT,,2 hours,Very bright light just under the moon. ((NUFORC Note: Possible planet or star. PD)),1/8/2016
1/6/2016 3:00,Carolina Beach,NC,Other,5:00,Reddish-orange lights sighted at Carolina Beach,1/8/2016
1/6/2016 0:46,Hereford Township,PA,Light,2 hours,"There are 2 lights hovering just about the tree line. Upon flashing a spot light in the light balls directions, they seemed to approach",1/8/2016
1/6/2016 0:25,Auburn,WA,Cylinder,25 minutes,Very bright light; looked like a plane and then As we watched it seemed to turn around. ((NUFORC Note: Sighting of Sirius? PD)),1/8/2016
1/6/2016,North Riverside,IL,Unknown,10 seconds,Bee-like flying light like the sun &quot;star color brightness&quot; and size of the moon from my bed!,1/14/2016
1/5/2016 23:15,Eliot,ME,Circle,3 seconds,"Red light dropped straight in from sky to near horizon, and rapidly changed direction to south east - viewed from central Eliot.",1/8/2016
1/5/2016 22:40,Philadelphia,PA,Oval,4-5 seconds,"Dark half oval flying over house, then disappearing into the dark sky.",1/8/2016
1/5/2016 21:45,Windsor Heights,IA,Chevron,150 seconds,"5 lights in chevron pattern, very low in the sky (maybe 250ft from ground).",1/8/2016
1/5/2016 21:35,Las Vegas,NV,Triangle,i don't know,"Driving on 95S, saw a triangle with an inverted bottom, outlined in chasing white lights. ((NUFORC Note: Former law enforcement. PD))",1/14/2016
1/5/2016 21:30,State College,PA,Formation,1 minute,Line of 10-15 lights west of State College moving south.,1/8/2016
1/5/2016 21:18,San Diego,CA,Light,5-10 seconds,I was sitting on my front porch when I witnessed two objects flying from south to north at an apparent high rate of speed at about 50-5,1/29/2016
1/5/2016 20:30,Scarborough,ME,Circle,30 minutes,"Blinking light, white, red, green. Moving up and down. ((NUFORC Note: Sighting of Sirius?? PD))",1/8/2016
1/5/2016 20:15,Oxford,AL,Triangle,8-10 seconds,"Triangular shaped UFO spotted on HW 21 heading into Oxford, Alabama, tonight.",1/8/2016
1/5/2016 20:10,Lake Wylie,SC,Fireball,8 minutes,"15-20 bright, red-orange lights moving from horizon to horizon over an 8 minute period.",1/8/2016
1/5/2016 8:00,Chapin,SC,Unknown,5 minutes,My niece and I were on the front balcony she looked up and saw something huge in the sky. I turned around and to my amazement there was,1/8/2016
1/5/2016 3:00,Blue Hill,ME,Light,30 minutes,Bright light with blue strobe hovering over Blue Hill Bay.,1/5/2016
1/5/2016 0:05,Seymour,TN,Changing,1-2 minutes,"Intense ball of white light that changed shape from a ball to a line, to a pyramid in three minutes observed.",1/5/2016
1/5/2016 0:00,Jackson,NJ,Light,5-8 hrs. for past 2 p.m.,"White light in sky south/southeast of Jackson, NJ.",1/8/2016
1/5/2016 0:00,Maurice River TWP,NJ,,1 second,Two bright flashes of light in clear night sky. Probably 5 seconds apart of one another. The flashes of light strong enough to brighten,1/5/2016
1/5/2016,Lordstown (near; on I-80),OH,Light,3 seconds,"Travelling W on I-80 near Lordstown, OH, I suddenly saw a very bright light just south of the highway.
It appears there is a milit",1/14/2016
1/4/2016 21:20,San Diego,CA,Triangle,10 minutes,"Driving home from class, looked up, and saw the orangish reddish lights flyung slow and lower than a plane would. Then the three lights",2/11/2016
1/4/2016 21:00,New Blaine,AR,Triangle,30 seconds,Triangle shape moving slowly north to south at night.,1/5/2016
1/4/2016 20:44,Twin Lake,MI,Oval,Still going,"Seen it tonight and 2 nights ago. White, green, orange/red lights. Moving up and down, side to side. ((NUFORC Note: Sirius? PD))",1/5/2016
1/4/2016 20:30,Citrus Heights,CA,Unknown,30 minutes,Colored lights in the sky over Sacramento,1/8/2016
1/4/2016 20:30,Orangevale,CA,Other,30 minutes,"Pulsing, changing colors, but relatively stationary in the NE sky, at about 30 degrees from horizon.",1/5/2016
1/4/2016 20:00,Warrensburg,MO,Circle,1 hour,We seen a very bright round light we thought it was a star till we seen blueish flashes. ((NUFORC Note: Sirius?? PD)),1/5/2016
1/4/2016 19:30,Sarasota,FL,Oval,5 minutes,"Three large red lights hovered over neighborhood in Sarasota, FL",1/8/2016
1/4/2016 18:30,Kennewick,WA,Triangle,20 minutes,Observed three fireballs in triangular formation. Objects were moving slowly accross sky. NNW heading. Hovered for 3 to five minutes. B,1/8/2016
1/4/2016 18:30,Roberts County,SD,Sphere,5 minutes,Mystery orb which changed direction.,1/5/2016
1/4/2016 17:45,Suffolk,VA,Light,30 minutes,"Objects over Suffolk, VA, January 4, 2016.",1/5/2016
1/4/2016 7:05,Des Moines,IA,Formation,<5 seconds,6 bright orange lights in 2 vertical lines of 3.,1/8/2016
1/4/2016 6:30,Fort St. John (Canada),BC,Light,30 seconds,Flash of light a white beem at the end opened a blue starshap opening and vanish,2/19/2016
1/4/2016 3:00,North Shore,HI,Light,10 minutes,USO pipeline surfcam.,1/5/2016
1/4/2016 0:00,Stanardsville,VA,Other,ongoing,"Dimming ""star"" moving in a circular pattern. ((NUFORC Note: Sirius. PD))",1/5/2016
1/4/2016,Burien,WA,Unknown,all night,"((HOAX??) This a.m. the sky was normal blue, but the sky over Puget Sound to Vashon became dark gray this a.m., then rain mixed snow.",1/5/2016
1/3/2016 23:00,Woodbury,MN,Triangle,10 seconds,"Triangular aircraft with blue/pink lights arranged into a triangle at the base, blinking every second, quiet & hovering low in the sky.",1/8/2016
1/3/2016 22:40,Delray Beach,FL,,,It looked like a plane flying very low I followed it so it pulled back up and the orange lights turned off. I thought my mind was playi,1/5/2016
1/3/2016 21:45,Milford,CT,Fireball,45+ minutes,"The object was turning colors (white, red, green, blue) and It had lightning-ish tails coming from it.. ((NUFORC Note: Sirius? PD))",1/5/2016
1/3/2016 21:00,Walpole Island (Canada),ON,Light,30 minutes,One bright light at helicopter height where black triangle showed up last month.,1/5/2016
1/3/2016 20:30,Taylors,SC,Light,15 minutes,"20 odd orange lights in Taylors, SC.",1/5/2016
1/3/2016 20:00,Forest Acres,SC,Light,10 minutes,Red light over Columbia.,1/8/2016
1/3/2016 19:20,Broomfield,CO,Formation,1 minute,"Group of 7 red orbs, moving independently at different altitudes, were seen for 1 minute before they disappeared one-by-one",1/5/2016
1/3/2016 19:05,Chula Vista,CA,Fireball,2 seconds,Yellow ball of light flies over Chula Vista California.,1/5/2016
1/3/2016 18:15,Santee,CA,Fireball,2 second,"Wife and I facing N, fluorescent green streak moving E. Appeared low in atmosphere, and larger in diameter than a shooting star.",1/5/2016
1/3/2016 18:10,Townsville (Australia),,Circle,60 seconds,Object that was round and blue and travelled at the speed of the space station passing over.,1/5/2016
1/3/2016 16:30,Nashville,TN,Changing,~2 minutes,"White light above highway, changed shape, then disappeared.",1/29/2016
1/3/2016 6:30,Hagerstown,MD,Unknown,5 minutes,"At exactly 6:15am, Sunday morning, the third of January,2016, I woke up and looked out of my bedroom window which is at the head of my",1/8/2016
1/3/2016 3:25,Playa del Carmen (Mexico),,Disk,2 minutes,Bright dish with strong lights hovering over Cozumel Island.,1/5/2016
1/3/2016 1:20,Newtown,CT,Fireball,25 seconds,"Saw a bright white burning object falling from sky to the ground from my car as I was travelling east on 84 it was ""crashing.""",1/5/2016
1/3/2016 1:15,Southington,CT,Teardrop,2 seconds,White ball surrounded by a green glow falls from the sky and lasts 2 seconds. ((NUFORC Note: Possibly a green meteor?? PD)),1/5/2016
1/2/2016 23:47,Dickinson,ND,Fireball,1 second,"Fireball, orange then turns green.",1/5/2016
1/2/2016 22:00,Gallatin,TN,Triangle,,I came outside to smoke a cigarette around 10pm I was looking at the sky because I've been seeing redish orangish spheres in the sky.,1/5/2016
1/2/2016 21:35,Black Canyon City,AZ,Light,5 minutes,"Three orange lights fly south above I-17 towards Phoenix, Arizona.",5/20/2016
1/2/2016 21:30,Spring Hill,TN,Other,2 minutes,4 objects with red lights in their centers in a kite-like formation seen in Spring Hill TN,1/5/2016
1/2/2016 20:45,Billings,MT,Fireball,3 seconds,I saw a bright neon green fireball with a tail like a comet streak N through the sky toward the Billings Logan International Airport.,1/5/2016
1/2/2016 20:00,Meridian,ID,Light,5 minutes,Orange amber orbs drifting westward.,1/5/2016
1/2/2016 20:00,Aurora,IN,Unknown,75 minutes,"Approximately 20:00 hrs., SE of my home, was an odd object in the sky. ((NUFORC Note: Sirius?? PD))",1/5/2016
1/2/2016 19:30,Whitmire,SC,Circle,5 minute,Orange circular lights in a uniformed parade.,1/5/2016
1/2/2016 19:15,Norwich,CT,Triangle,10 minutes,I saw two triangular shaped objects with a glowing aura or haze surrounding them. The corners were rounded.,1/5/2016
1/2/2016 19:15,Phoenix,AZ,Oval,2-3 minutes,"At about 19:15 hrs. this evening, walking dog, noticed 2 bright red objects in W sky heading W; one was following the other.",1/5/2016
1/2/2016 19:00,Cornelius,OR,Formation,8 seconds,Red lights (non-flashing) in line (no sound) high rate of speed 7-8 PM heading North bound Cornelius Oregon.,1/5/2016
1/2/2016 19:00,Whitecourt (Canada),AB,Flash,,"Quick, bright flash in the sky.",1/5/2016
1/2/2016 17:00,Pound Ridge,NY,Triangle,30 seconds,"Dark gray triangular object spotted very close, saw it clear as day.",1/5/2016
1/2/2016 16:40,Langhorne,PA,Unknown,8 minutes,Five yellow flying objects with tails.,1/5/2016
1/2/2016 16:30,Annapolis,MD,Disk,15 minutes,Bright objects witnessed in the western sky near Annapolis.,1/5/2016
1/2/2016 16:00,Scarborough,ME,Circle,,Circular. Not moving. Bright. I have a picture.,1/5/2016
1/2/2016 14:10,Albuquerque,NM,Formation,7 minutes,Multiple blue metallic lights heading east in formation witnessed in clear weather.,1/5/2016
1/2/2016 5:30,Hollywood,FL,Circle,>1 hour,It was completely stationary and shaped like a ring. We looked at it through binoculars. It had four lights side by side.,1/5/2016
1/2/2016 4:00,Tempe,AZ,Changing,3 hours,Mothership UFO in Tempe probed by airforce helicopters and jets. Very strange sighting.,1/5/2016
1/2/2016 3:00,Imperial Beach,CA,Fireball,20 minutes,Two fireballs side by side.,1/5/2016
1/2/2016 2:20,St. Paul,MN,Light,10+ minutes,Blinking white and red star-like object in sky.,1/5/2016
1/1/2016 23:32,Branchland,WV,Sphere,10 minutes,Saw three white orbs while camping. Moving at high speeds and doing 90 degree turns.,1/5/2016
1/1/2016 21:00,French Creek,WV,Other,Extended,Huge object with multiple multicolored lights.,1/5/2016
1/1/2016 20:30,Salt Lake City,UT,Circle,10 minutes,10 glowing orbs in western sky.,1/5/2016
1/1/2016 20:30,Colville,WA,Circle,1 hour,At ~8:30 pm I went out and turned off the yard light. I noticed a light that blinked different colors. ((NUFORC Note: Sirius? PD)),1/5/2016
1/1/2016 20:00,Aptos,CA,Triangle,2 minutes,Driving northbound on Highway 1 coming through aptos. Noticed three bright orange/yellow lights in the sky. They formed the shape of a,1/5/2016
1/1/2016 19:45,Fuquay Varina,NC,Other,3 minutes,Rectangular object rise from the field and followed along with my car for 2 miles.,1/5/2016
1/1/2016 18:40,Irmo,SC,Light,Minutes,Two orange lights moving in a vertical formation.,1/5/2016
1/1/2016 17:00,Newburgh,ME,Light,1 minute,Fast moving light in later afternoon sky.,1/5/2016
1/1/2016 14:00,Corinth,KY,Circle,10 seconds,Funny looking plane. ((NUFORC Note: Possibly an a/c reflecting sunlight?? PD)),1/5/2016
1/1/2016 12:10,Amelia Island,FL,Circle,30 seconds,An Orange Circle Object Flying in the Sky at Amelia Island.,2/19/2016
1/1/2016 12:00,Phoenix,AZ,Light,60 seconds,"White, round, object in sky, zigzag. Phoenix, AZ.",1/5/2016
1/1/2016 5:30,Medford,NY,Circle,2 minutes,"Bright orange sphere in sky traveling N to E. Moving slowly, hovering, then again moving slowly and disappeared into eastern sky.",1/5/2016
1/1/2016 0:38,Fenton,MO,Fireball,3 minutes,Fireball object without sound.,1/5/2016
1/1/2016 0:30,Bremerton,WA,Other,2 minutes,Two red and white cigar shaped craft seen flying at high rate of speed over Bremerton on New Years Day.,1/5/2016
1/1/2016 0:30,Thermopolis,WY,Triangle,30 minutes,One black triangle shaped ufo hovering with flashing different colored lights on all 3 sides of object.,1/14/2016
1/1/2016 0:26,Kennewick,WA,Formation,10 minutes,"Kennewick residents witness 3 orange lights in formation, with 4 indivdual lights following for several minutes.",1/5/2016
1/1/2016 0:25,Florence,KY,Light,10 minutes,Several large red moving objects appeared in a constellation pattern moving throughout the sky over a 10 min. duration.,1/5/2016
1/1/2016 0:20,Sacramento,CA,Fireball,2 minutes,I seen along with my fiance an orange fireball covering at about hundred feet and proceeded to get home.,1/5/2016
1/1/2016 0:15,Glendale,AZ,Light,1 hour,Lights and flash in the sky,4/29/2016
1/1/2016 0:15,Joppatowne,MD,Circle,4-5 minutes,"My dad called me into his room to look at what I thought was fire works due to it be the new year. But instead I saw, at first, three c",1/5/2016
1/1/2016 0:15,Longmont,CO,Diamond,20,4 or 5 red/orange lights moving W. One went down closer to the ground. Moved west. No sound.,1/5/2016
1/1/2016 0:15,Las Vegas,NV,Other,20 minutes,Red orbs after the New Year's eve celebration. Flying over the Las Vegas Valley.,1/5/2016
1/1/2016 0:15,Sacramento,CA,Fireball,10 seconds,Missiles or flares seen on New Year.,1/5/2016
1/1/2016 0:12,Malabar,FL,Oval,25 minutes,Eight orange orbs flew over my house minutes apart in the same pattern with three witness.,1/5/2016
1/1/2016 0:11,London (UK/England),,Disk,3 seconds,https://www.youtube.com/watch?v=bmZ2bpJKXUI 11 minutes 8 seconds London Fireworks show… ((NUFORC Note: Pigeons? PD)),2/4/2016
1/1/2016 0:10,Bayville,NJ,Light,1 - 1:30 minutes,Orange lights.,1/14/2016
1/1/2016 0:05,Titusville,FL,Sphere,15 minutes,1 Jan 2016 12:05AM Observed three red-orange spherical objects traveling in a line from SW to TE over the northern end of Brevard Coun,1/5/2016
1/1/2016 0:05,Las Vegas,NV,Light,15 minutes,My wife and I witnessed 3 bright red objects that rose one behind the other shortly after midnight.,1/5/2016
1/1/2016 0:05,Matthews,NC,Triangle,3-5 minutes,"Pyramid formation lights above Matthews, NC.",1/5/2016
1/1/2016 0:04,Richland,WA,Circle,15 minutes,"Multiple craft, long duration event.",1/5/2016
1/1/2016 0:03,Bangkok (Thailand),,Light,continuous,"Bright, stationary object in orbit above Bangkok, Thailand, on New Year's day. ((NUFORC Note: Planet near Moon? PD))",1/5/2016
1/1/2016 0:02,Satellite Beach,FL,Sphere,10 minutes,"Around the midnight, my wife and I went out to our porch watch the fireworks. Several single objects with orange haze traveling steady.",1/14/2016
1/1/2016 0:01,Crystal City,MO,Light,60 seconds,I observed a orange light hovering over near or fireworks were being displayed I thought maybe that's a drone.,1/5/2016
1/1/2016 0:00,Covington,WA,Sphere,15 minutes,6 objects low in sky heading north.,1/5/2016
1/1/2016 0:00,Sodaville,OR,Sphere,3 minutes,Two balls of orange light seen above the trees; one split into two!,1/5/2016
1/1/2016 0:00,Arnold,MO,Triangle,10 seconds,Triangle obj. moving W to SE from my position. Three red lights one on each corner. Half a mile in the sky. Moving steady,1/5/2016
1/1/2016 0:00,Hereford Township,PA,Light,5 minutes,"Red Light balls hovering, splitting, hovering and then vanishing with no change in elevation for 5 minutes.",1/14/2016
1/1/2016 0:00,Elk Grove,CA,Light,1 minute,6-7 peach-colored craft moving easterly direction. Sacramento area. Midnight 2016 New Years.,1/5/2016
1/1/2016 0:00,Anchorage,AK,Circle,5 minutes,New Years yellow objects.,1/5/2016
1/1/2016,Vernon,CT,Sphere,10 minutes,Red sphere in the sky.,1/5/2016
