Plantation Name,Owner,Manager (If Applicable),Main Production,Number of Enslaved Peoples,Sex of Owner,Date of Registry (If Applicable),Location (Parish)
Serindibe,Pierre Cornau,,Coffee,12,M,30 Decembre 1815,Castries
Black Bay,Pierre Marucheau and Dame Veuve,,?,68,Co,Dec. 20 1815,Vieux Fort
Mineurs,de Veuve Chambor,,Coffee,21,M,18 D√©cembre 1815,Vieux Fort
Gentilly,J. Laburgui√©re,,Coffee,19,M,10 Decembre 1815,Laborie
Pointe Caraibe,R√©chou,,Sugar,32,M,21 Octobre 1815,Choiseul
Malgr√© Fout,Pierre Lartique,,Coffee,14,M,9 D√©cembre 1815,SoufriËre
Trou Marque,Anastasie,,Cotton,4,F,28 Decembre 1815,Choiseul
Fond D'or,Jean Charles Varein (farmer and lessee of Jean Baptiste Varein his father),,Cacao,7,M,21 Decembre 1815,Dauphin
Bon Secours,Louis Doudon,,?,12,M,Dec. 18 1815,Dennery
Plaisance,"Nicolas Lastic, as guardian of the minor Pierre Godet",,Coffee,1,M,20 Decembre 1815,Choiseul
Mondesir,Jean Destang,,Sugar,84,M,23 D√©cembre 1815,Micoud
Mon Desir,de Veuve Barbautin,,?,2,F,7 D√©cembre 1815,Castries
Rabot,Raimond Amable Granier,,Sugar,62,M,29 Decembre 1815,Laborie
La R√©duit,Jean Baptiste Aquart,,Sugar,37,M,23 Decembre 1815,Gros Islet
Morne Roche,Jean Garcon,,Cassava,6,M,15 D√©cembre 1815,Laborie
Esp√©rance,Henry Loyo,,"Sugar, Cacao",55,M,14 Decembre 1815,SoufriËre
Fond Martel,Marie,,Cassava,4,F,18 Decembre 1815,Dennery
Morne Gommier,Jean Charles Fauchet,,Coffee,9,M,19 D√©cembre 1815,Laborie
Belair,Auguste Foraille,,"Coffee, Provisions",16,M,26 Decembre 1815,Gros Islet
Union,Dame Veuve Petit Duruisseau,,Sugar,54,F,13 Decembre 1815,SoufriËre
Pointe Courbaril,Jean Guillaime Duchamel,,?,8,M,12 Janvier 1816,Castries
La Portion,Pierre Jacques and Rose Cottard,,Cotton,11,Co,22 Decembre 1815,Vieux Fort
Bon Air,Pierre de Glassion,,?,19,M,Nov. 25 1815,Choiseul
Deldorado,Louis Ste. Claire Pr√©voteau,,Cacao,16,M,29 Decembre 1815,Dennery
Belair,Pierre Fournice de Rose,,?,95,M,Dec. 21 1815,Castries
Le Reduit,Marie Therese and Marie Francoise,,?,2,F,Dec. 19 1815,Laborie
Esp√©rance,Bernard Parigau,,Coffee,6,M,15 Decembre 1815,SoufriËre
Leslie,Laporte Dulamouaa,,?,17,M,13 Janvier 1816,Castries
Malgre Tout,Gaillard de Laubengue,,Sugar,92,M,22 D√©cembre 1815,SoufriËre
Mamoquerie,Dame Doudon La Croise,,?,,F,15 D√©cembre 1815,Dennery
Rouge,Jeannette Dimbert,,?,2,F,Dec. 18 1815,Castries
La Palme,Edme Rameau,,Sugar,39,F,27 Decembre 1815,Gros Islet
Fadlon,Lucile Lagrange,,?,5,F,18 Decembre 1815,Gros Islet
Esp√©rance,Cardinal Chalanc√©,,?,12,M,20 Decembre 1815,Gros Islet
Bel Air,Charles Francois Marie Gussneau,,"Coffee, Cacao",40,M,28 Decembre 1815,Castries
Anse Mahot,Allery de la Thuilliere,None,?,65,M,Dec. 28 1815,SoufriËre
Petit Rocher,Jean Charles,,Cotton,6,M,21 Decembre 1815,Choiseul
L'Hermitage,Dame Veuve Jolimont Moreau,,"Sugar, Provisions",14,F,3 Janvier 1816,Vieux Fort
Fond Cacao,Pierre Toraille,,?,26,M,14 Decembre 1815,SoufriËre
Morne Lacroix,de Veuve Gustave,,Coffee,7,F,13 D√©cembre 1815,SoufriËre
St. Jacques,Jacques Besson,,Cotton,26,M,29 Decembre 1815,Vieux Fort
Pierre Germain,"Pierre Germain (""for a portion,"" tenant)",,Coffee,4,M,11 Decembre 1815,Castries
Belle Vue,Jean Baptiste Duchesne,,?,18,M,Dec. 28 1815,SoufriËre
La Berlotte,Margueritte Ducasse Veuve Denis,,Cassava,9,F,29 Novembre 1815,Gros Islet
L'Esp√©rance,Veuve Elie Pieds and her son Elie,,"Cotton, Cassava, Coffee",3,Co,30 Decembre 1815,Dauphin
Guillot,Jean Baptiste Cerise (tenant),,Cacao,4,M,25 Janvier 1816,SoufriËre
Choc,Rene and Peter A. Augier,Anthony Chabert,Sugar,102,M,Dec. 28 1815,Castries
Roland,Madame Veuve Daney,Fran“´ois Daquin,Cacao,47,F,20 Decembre 1815,Dennery
Moine Chabot,Madam Veuve Babolin,Charles Latriell,?,1,F,19 Decembre 1815,Castries
Morne Galba,Marie Delphine Meray lis veuve du Sieur Martin,,Coffee,35,F,21 D√©cembre 1815,Gros Islet
Ferrand,Joseph Victoire Vincent de Bexon,,Sugar,49,M,6 Decembre 1815,Castries
Belle Vue,Louis Alexandre,,?,2,M,Dec. 15 1815,Gros Islet
Richebois,Louis Paul Gabriel che. De Bonne,,Sugar,61,M,18 Janvier 1816,Micoud
Belle Plaine,Antoine Jaurin Bernard Drivon,,Coffee,70,M,4 Janvier 1816,SoufriËre
Cacoyere,Monsieur Jean Marie Aubert,,Coffee,30,M,15 Decembre 1815,Gros Islet
Bois Brul√©,Claire Rose,,?,1,F,20 Decembre 1815,Castries
Morne Mayereau,Vital Bosquet,,?,23,M,21 D√©cembre 1815,Laborie
Fond Rouge,Lagrange Meray lis,,Cacao,18,M,18 Decembre 1815,Dennery
Lafeuill√©e,"The minors Lafeuill√©e Dujon (Martin Raphael, executor)",Brunet,Coffee,14,Co,18 Decembre 1815,Gros Islet
Darrie,Anne Darrie Roujol,,Coffee,10,F,19 Decembre 1815,SoufriËre
Bellevue ,Dame Madelaine Xavier Veuve Billy,,?,88,F,30 Decembre 1815,Laborie
La Jalouse,Elisabeth Roland,,Coffee,21,F,16 Decembre 1815,Laborie
Dessablon,G√©n√©vieve et Valery Richard- comme locataire de la Regie des Beins Vacans,,?,1,Co,14 Decembre 1815,Dauphin
St. Hurbin,Joyeux,,?,29,M,18 Decembre 1815,Vieux Fort
Brise D'asiet,Jean Pierre Esculabe,,?,2,M,24 Novembre 1815,Gros Islet
Beau Fond,Charles Cattier,,Sugar,39,M,27 Decembre 1815,Micoud
La Pointe,Jacques D√©caille,,Chauterie,12,M,28 Decembre 1815,Vieux Fort
Grand Anse,Charles Aquart,,Sugar,88,M,27 Decembre 1815,Dauphin
Perd Mon Tour,Jean Louis Cornet,,Provisions,5,M,18 Decembre 1815,Gros Islet
La Jalousie,George Glace,,Sugar,91,M,26 Decembre 1815,SoufriËre
Mont Martin,de femme Birot,,Cacao,9,F,29 D√©cembre 1815,Anse la Raye
Beauchamp,Francois Augustin B. de Virginy,,?,29,M,Dec. 27 1815,Micoud
Petit Bras,Veuve Pierre Glaude,,?,2,F,19 Decembre 1815,Laborie
Rouge,Marie Emelie Dimbert,,Cacao,4,F,18 Decembre 1815,Castries
L'h√©ritage,D. Marie Constance Larieux under the supervision of M. Es. Law Cotter,,Provisions,20,F,28 Decembre 1815,Micoud
Troumass√©,_ de F. Madame de Courielle,M. C. Cass√©,Sugar,91,F,28 Decembre 1815,Micoud
Sorci√©re,Poisson Bonnaire,,Cacao,15,M,9 Decembre 1815,Dennery
Perle,Jean Baptiste Gabriel Pupin,,Sugar,151,M,22 D√©cembre 1815,SoufriËre
Lacaillerie,"Despinozes Lacaillerie (Sr. Sav√©ry Martelly, executor)",,Cacao,13,?,8 Decembre 1815,Dennery
Fonds,Lauriel de Ste. Croix,,Sugar,200,M,28 Decembre 1815,Dauphin
Labord√©re,Cattier Lapaire (lessee of Messrs. Jean Legrand and J. Le Verrier),,Sugar,5,M,Jan. 1 1816,Vieux Fort
Grand Bois,Jean Paul D√©landreau,,Coffee,7,M,28 Decembre 1815,Choiseul
Parque,Eugene Pierre (and his step father),,?,27,M,1815,Laborie
Mont Lezianne,P. Augier and R. Augier,,Sugar,164,M,30 D√©cembre 1815,Laborie
Beau Sejour,de Veuve Raynal Couperie,Eysseris Couperie,?,27,F,30 D√©cembre 1815,Vieux Fort
La Fortune,Veuve Fran√ßois Lemaitre,,Cacao,20,F,31 Decembre 1815,Castries
Morne Coubaril,Dame Veuve de Vause St. Philipe,,Sugar,115,F,26 D√©cembre 1815,SoufriËre
Beau Mont,Charles Christophe de Laquiberdiere,,?,11,M,Dec. 23 1815,SoufriËre
Petit Morne,Chery Pinel,,Cassava,1,F,6 Janvier 1816,Micoud
Belle Vue,Augustin Gilis,,Coffee,21,M,Dec. 26 1815,Choiseul
Benoit Leroux,Benoit Leroux,,?,1,M,18 Decembre 1815,Praslin
L'hermitage,M. Ferrier,Fontenay,Sugar,27,M,28 Decembre 1815,Gros Islet
Beau Sejour,"Pierre Marucheau, appartenait cy devant au Francois Jean B.le Jaques Flurel",,Sugar,102,M,20 Decembre 1815,Laborie
Malgr√© tout,Veuve Jacques Cadace,,?,10,F,28 D√©cembre 1815,SoufriËre
Magdeleine,Alexandre Olivier,,Coffee,29,M,4 Janvier 1816,Laborie
La Retraite,Jean Baptiste Dominique Duprey,,Sugar,26,M,23 Decembre 1815,Choiseul
Barabara,Jean Baptiste Clauzel,,?,3,M,Dec. 19 1815,SoufriËre
L'Hermitage,Veuve Caumont Defontaine,,Coffee,10,F,23 Decembre 1815,Anse la Raye
Trou Barbet,"M. Veuve Leriche, tenanted by son Pierre Leriche",,Coffee,3,F,21 Decembre 1815,Choiseul
Brunet,Mathieu Dauvergne,,?,13,M,Dec. 27 1815,Choiseul
Corinthe,Severe Desmerliers De Longueville,,?,121,M,29 Decembre 1815,Gros Islet
Ravine Bac,Jean Jacques Duchon,,Cassava,12,M,6 Janvier 1816,Micoud
Veuve Guiton,Dame Veuve Guiton,,Cassava,2,F,27 Janvier 1816,Laborie
Anse Mamin,Barthelemy La Balmondiere,,?,120,M,Dec. 28 1815,SoufriËre
Malheur,Jean Pierre Petit et Joseph Petit,,Coffee,13,M,29 Novembre 1815,Castries
St. Joseph,Dame Vitalis Veuve Minvielle (renting from Madame Veuve Bousiques),,Sugar,20,F,22 Decembre 1815,SoufriËre
Mon Supplice,David Lassalle and Greaux Ducreteaux,,Coffee,6,M,12 D√©cembre 1815,Gros Islet
Marlis,Dame Fanchine Schonhere,,Cotton,18,F,19 D√©cembre 1815,SoufriËre
La Jalousie,Oportune,,?,4,?,16 Decembre 1815,SoufriËre
Beau Sejour,Madame Rosalie Raynal,,?,13,F,Dec. 30 1815,Vieux Fort
Beau Sejour,Michel Levacher,,Sugar,45,M,26 Decembre 1815,Vieux Fort
Michel Decade,Michel Decade,,?,8,M,1815,Praslin
Malnomm√©e,Pierre Guillette,,?,13,M,27 D√©cembre 1815,Anse la Raye
Louvet,d'Augustin Couston,,Cassava,9,M,16 D√©cembre 1815,Dennery
Aux Etangs,Helene,Drivon,?,2,F,Dec. 27 1815,SoufriËre
R√©union,Constantine Vitalis,,?,24,M,Dec. 14 1815,SoufriËre
Bel Air,Joseph Lansiquot,,Cacao,5,M,16 Decembre 1815,SoufriËre
Two Friends,Francis Vitalis,,Sugar,51,M,Dec. 16 1815,SoufriËre
Louvet,"Dumolier de la Brosse (St. Castelbert, executor)",,?,13,M,27 Novembre 1815,Dauphin
Park,Joseph Bernier,,?,14,M,1815,Laborie
Esp√©rance,L√©ger,,?,8,?,26 Decembre 1815,Vieux Fort
The Pearl,John Daniel,,?,37,M,20 Decembre 1815,SoufriËre
Plaisance,Jean Louis Derrivieres,,Coffee,13,M,1815,SoufriËre
Le Oranger,Dames Havert Sr. Aubin,,?,40,F,15 Janvier 1816,Praslin
Piton,Monsieur Cl√©ret,Jean Francois R√©cheu,?,46,M,23 D√©cembre 1815,Choiseul
Diolle,Jean Baptiste D√©rivi√©re,,Coffee,5,M,30 Decebre 1815,Castries
Mon Repos,Laporte Dulamouaa,Romain Laporte,Sugar,83,M,16 D√©cembre 1815,Vieux Fort
Soufriere,Madame Veuve de Micoud,Jean Baptiste Meynier,Sugar,89,F,Dec. 29 1815,SoufriËre
Plaisance,Marie Fran√ßoise Veuve Marquis,,Cacao,6,F,20 Decembre 1815,Anse la Raye
Bath Estate,John Myers,,Coffee,20,M,Dec. 27 1815,Choiseul
Plaisance,Lepelletier Ste. Lucie,,Cotton,14,M,1815,Choiseul
Morne R√©bouche,Dame Veuve De Chaubourg,,?,22,F,23 D√©cembre 1815,Castries
Morne Calebasse,Francois Maurice,,Coffee,7,M,12 D√©cembre 1815,Dauphin
Le Cap,Louis Francois De Brettes et Severe Charles Longueville,,Sugar,247,M,19 Decembre 1815,Gros Islet
La Pointe,Felix Dujon,,Sugar,72,M,29 D√©cembre 1815,Castries
Chateau Belair,"Isaac Guillaume, Messieurs le Maistre et Madame Domergue",,?,66,Co,1 Decembre 1815,SoufriËre
Plaisance,Rosalie St. Hubert,,?,18,F,11 Janvier 1816,Castries
Cottage,M. J. P. Alexander (lately owned by D. Delest),,Coffee,19,M,Jan. 3 1816,Choiseul
Beau Lieu,"Jeanne Rose Gogaille, appartenant a ses Enfans de la quelle elle a la Jouissance",,?,3,F,Jan. 4 1816,Choiseul
Union,Le Pelletier St. Omer,,Coffee,44,M,22 Decembre 1815,Choiseul
Belle Etoile,Veuve Louis Leonar Fontaine,,?,10,F,Dec. 21 1815,SoufriËre
Mont D'or,Geo M. Cullom,,Sugar,107,M,2 January 1816,Anse la Raye
Le P√©rou,Antoine Le Curieuse Chalon,,Sugar,112,M,27 D√©cembre 1815,Castries
Tristesse,Marie Elisabeth Ad√©laide Gerssoy Veuve. Garnier,,?,34,F,21 Decembre 1815,Choiseul
Lamisair,Jean Germain,,Coffee,4,M,19 December 1815,Gros Islet
Morne Citron,Dame Marie Delphine Meraylis Veuve Martin Desrameaux,,Coffee,21,F,22 D√©cembre 1815,Dauphin
La Daufine,Canibert Duboulay en societe avec Frere Canibert Douboulay [?],Clairfond Cornibert (fils de Canibert Douboulay),Coffee,41,M,29 Decembre 1815,SoufriËre
Richefond,Pierre Jacques Roches Rup√©s,,Sugar,74,M,27 Decembre 1815,Dennery
Esp√©rance,Belle Vue Vilaine et Ste. Rose Godard,,?,42,M,29 Decembre 1815,Laborie
Labordere,Marie Bellevue (lessee of plantation owned by _ Grand and Pierre Leverrier,,Sugar,16,F,Jan. 3 1816,Vieux Fort
Thibaut,Fran“´ois Cayol,,Coffee,15,M,21 Decembre 1815,Choiseul
Mon Repos,Jeanne et ses Enfants,,Coffee,23,F,16 D√©cembre 1815,?
Fond D'or,Fran√ßois Flavien Duval (tenant),,Cacao,2,M,1815,Anse la Raye
Mon Repos,Madame de F√©lamond,Veuve Martier,?,19,F,25 Janvier 1816,Praslin
Bois D'Inde,Veuve Gabriel,,?,2,F,Dec. 28 1815,Choiseul
Mon Gomier,Magdelaine Auguste Derose Auguste de Veuve Louis Delandreau,,?,6,F,19 D√©cembre 1815,Laborie
Morne Tabac,Judith,,Coffee,6,F,13 D√©cembre 1815,SoufriËre
La Retraite,Fontenay,,Coffee,5,?,19 Decembre 1815,Gros Islet
Belle Vue,Victoire Forestine Desvoliere veuve d'Auvergne,,?,27,F,Dec. 29 1815,SoufriËre
Belle Vue,Laurent Jarla,,Coffee,10,M,19 Janvier 1816,Micoud
Pointe de Sabre,Madame Veuve Laporte,,Sugar,83,F,14 D√©cembre 1815,Vieux Fort
Kirango,Joseph Robert,,Coffee,66,M,8 Decembre 1815,Gros Islet
Belle Vue,Veuve Fubergne le Faure,,?,8,F,Nov. 28 1815,Gros Islet
Bel Air,Veuve Marianne Pagely,,?,11,F,Nov. 30 1815,Gros Islet
Marie Ursule,Marie Ursule,,?,1,F,27 D√©cembre 1815,Castries
Le Trou Gascon,Jean Leberthout de la Renerie (fils),,"Cotton, Provisions",7,M,27 Decembre 1815,Gros Islet
Belle Vue,Veuve Armand,,?,14,F,Dec. 24 1815,Castries
Fond L'anglais,J. Cazaubon et F. Jisn√©s,,?,92,M,18 Decembre 1815,SoufriËre
La Souffreuse,Le Pelletier Dumont,,Coffee,50,M,23 Decembre 1815,SoufriËre
Anse Ger,Etienne Dreuil (co-owner and resident manager),Etienne Dreuil,?,57,M,6 Janvier 1816,Micoud
Four a chaux,Raimond Drouilhet,,Lime,19,M,15 Decembre 1815,?
La Ressource,Madame Elisabeth Olivier Veuve De Guisselin,,Coffee,48,F,5 Decembre 1815,Gros Islet
L'Hermitage,Veuve Cadet Six,,Cotton,17,F,23 Decembre 1815,Micoud
La T√©mp√©r√©e and Morne Cabrit,Pierre Geoffrion- La T√©mp√©r√©e; Pierre Geoffrion and Demoiselles F√©licit√© _ Laporte and her step-sisters,Pierre Geoffrion,?,53,Co,21 Decembre 1815,Choiseul
Le Roy de St. Paul,Paul Hercule Le Roy de St. Paul,,Coffee,9,M,4 Janvier 1816,Choiseul
Piail,Joseph Roudier et Jean Pierre Haurie,,Sugar,125,M,21 D√©cembre 1815,Laborie
Union,Jauna (father and son),,Sugar,75,M,29 Decembre 1815,SoufriËre
Parc,Marie Rose,,cassava,7,F,19 Decembre 1815,Laborie
Morne Paix Bouche,Jean Marie Bertet,,Coffee,36,M,19 D√©cembre 1815,Dauphin
Entrep√¥t,Jean Marie Aquart p√©re et fils,,Sugar,49,M,27 Decembre 1815,Castries
Chateau Belair,Baptiste Fourcade,,Coffee,40,M,18 Decembre 1815,Choiseul
Fond D'or,H.na M.eille Veuve Cerf Le Bon,,Coffee,13,F,18 Decembre 1815,SoufriËre
Belle Vue,Raimond Robinette,,?,2,M,Dec. 19 1815,Vieux Fort
Ballambouche,Louis Marie Duval et Jacques Lacaze,,?,203,M,Dec. 13 1815,?
Pommier,Veuve Stanislas,,Provisions,7,F,20 Decembre 1815,SoufriËre
Belle Vue,Pierre Brugiere,,Coffee,3,M,Dec. 27 1815,?
La Foug√©re,Calixte St. Martin,,?,6,M,20 Decembre 1815,Laborie
Bois d'Orange,Jean Come Monie et N[?] Jore St. Catherine,,Sugar,113,M,22 Decembre 1815,Gros Islet
Le Praslin,Madame Veuve de Micoud,,Sugar,39,F,29 Decembre 1815,Praslin
Mon Enfer,Victor H√©relle,,Coffee,44,M,22 D√©cembre 1815,SoufriËre
Grenier,Rosette Grenier Veuve Belmare,,Coffee,2,F,30 Decembre 1815,Gros Islet
Anse Galet,Veuve Guignon,,?,66,F,21 Decembre 1815,Anse la Raye
Belle Vue Laborie,Brosain,Dominique Rousseau,?,6,M,Dec. 21 1815,Laborie
L'Union,Dreuil,,?,22,M,6 Janvier 1816,Micoud
Falaise,Elisabeth and Emerentienne St. Martin,,Coffee,12,F,19 Decembre 1815,Laborie
Mon Chagrin,Benoit Mazorin,Dominique Christof le Vittet,Coffee,5,M,19 Decembre 1815,SoufriËre
Imbert,Nicolas Silvestre,,Coffee,12,M,13 Decembre 1815,SoufriËre
Hauteur,de Veuve Fouzai Andr√©,,Cassava,7,F,22 Janvier 1816,Micoud
Volet,John Falvey,,Sugar,101,M,Dec. 27 1815,Praslin
Pichery,"The designated [nomm√©e] Margueritte Veuve Carbet (tenant of plantation belonging to M. Boisson, son)",,?,4,F,26 Decembre 1815,Castries
La Retraite,Madame Le Jeune Le Breton,,Coffee,7,F,22 Decembre 1815,Vieux Fort
Saint Pierre,Pierre Parigau,,Coffee,44,M,10 Decembre 1815,SoufriËre
Beau Sejour,Veuve Dauvergne,,Cotton,48,F,23 Decembre 1815,SoufriËre
Bienvenue,Ruffin D'Auvergne,,Coffee,7,M,11 Decembre 1815,Choiseul
Belle Vue,Jacque and Philibert Diyon,,?,20,M,28 Decembre 1815,Castries
Veuve Martir,Madeleine Veuve Martir,,?,3,F,18 D√©cembre 1815,Praslin
B√©lv√©d√©re,Lamontagne (son),,Coffee,5,M,20 Decembre 1815,SoufriËre
Dupray,Marie Elizabeth,,?,5,F,9 Decembre 1815,Choiseul
P√©rou,Francois Morton,,"Coffee, Cacao",45,M,22 D√©cembre 1815,Anse la Raye
Anse Canot,Jean Philippe Marcellin Devaux,,?,56,M,Dec. 27 1815,Dennery
Gominie,Antoine Cenac (fils),,Coffee,6,M,21 Decembre 1815,Anse la Raye
V√©nus,P. M. Marragon,,Cacao,29,M,27 Decembre 1815,Anse la Raye
Bonne Terre,Madame Meray Lagrange Veuve Jore,,?,20,F,Dec. 22 1815,Gros Islet
Anse L'Ivrogne,Francois Delarte,Jean Francois Rechou,Sugar,101,M,Dec. 23 1815,Choiseul
Palmiste,Monsieur De Larochette,Guy de Mareil,Sugar,99,M,15 Janvier 1816,SoufriËre
Providence,Jean Castagni√©,,Coffee,25,M,19 Decembre 1815,Gros Islet
Diamant,Madame Veuve Malzere,,Cacao,19,F,11 Janvier 1816,Castries
The Pearl,Rev. M. J. Coul and M. Elizabeth [?],Edward Hoskin,Sugar,42,Co,30 Decembre 1815,Castries
Grande Rivi√©re,D. Ruaud et Auguste Philip,,Sugar,85,M,22 Decembre 1815,Dennery
Belle Vue,Antoine Dunoqu√©,,Coffee,5,M,20 Decembre 1815,SoufriËre
Pointe Ragiet,Madame Anne Marie Madillon Bernier,,Coffee,43,F,12 D√©cembre 1815,SoufriËre
Vide Bouteille,Joseph Margand,,?,23,M,Dec. 31 1815,Castries
La Jalouse,Madame maison Neuve La Montainge,,Cacao,10,F,20 Decembre 1815,SoufriËre
Solitude,Francois Henry Schonherr,,Coffee,24,M,Dec. 27 1815,Choiseul
Malgr√©tout,Zabeth Rocheteau,,cassava,5,M,21 D√©cembre 1815,SoufriËre
La Croix,Agathe Marie Jeanne,,Cotton,2,F,2 Janvier 1816,Laborie
St. Suppy,Alexandre Carasco and Rose Aim√©e Carasco,,?,2,Co,18 Decembre 1815,Laborie
Anse L'yvrogne,Louis Le Curieux (comme proprietaire et comme associe de Jean Jacques Lorrein),,?,30,M,22 Decembre 1815,SoufriËre
Grande Rivi√©re,Veuve Louis (for a portion of the plantation of which she is owner),,?,2,F,23 Decembre 1815,Anse la Raye
Belle Vue,Edward Law Cotter,,Sugar,79,M,Dec. 28 1815,Vieux Fort
Trou Bleu,Charles Guillette,,Cacao,16,M,20 Decembre 1815,Anse la Raye
Gros Bois,Veuve Derval,,Coffee,15,F,21 Decembre 1815,Vieux Fort
Piat,Madame Marie Margueritte le Hardy Veuve Nonlabade (demeurante au Bordeaux),Jean Baptiste Nonlabade,Savannes,5,F,9 Decembre 1815,Gros Islet
Victoire,Demoiselle Lize Delamain,,?,8,F,3 Janvier 1816,Castries
Morne a Aerge,de Veuve Elizabeth Verel,,"Cotton, Provisions",3,F,13 D√©cembre 1815,Gros Islet
Mon Repos,Michel Raymond,,Cassava,5,M,18 D√©cembre 1815,Laborie
Vielle Ville,Henriette Larose,,?,12,F,13 Janvier 1816,Castries
Esp√©rance,Veuve Montrose,,?,5,F,30 Decembre 1815,Anse la Raye
Belle Vue,Francois __,St. Aubin,?,3,M,Dec. 15 1815,Dauphin
Clery,"Dame Goupy, lately M. et Madame Drouilhet",Jacques Francou Goupy (husband of Dame Goupy),Provisions,21,F,26 Decembre 1815,Castries
Grande Rivi√©re,Xavi√©re De Morel (tenant of Dame Ruaud and Philip),,Sugar,5,F,22 Decembre 1815,Dennery
Sans Nom,Les Mineurs Chevilly,Pierre Joseph Gazanchon,Sugar,59,Co,Dec. 11 1815,Gros Islet
Veroneau,Louis Veroneau,,?,7,M,25 Decembre 1815,Laborie
Diamond,Madame Veuve Alexander and Heirs ,,Sugar,104,F,Dec. 23 1815,SoufriËre
Belle Vue,Charles H Dugard,,Cassava,12,M,Dec. 27 1815,Micoud
Malgr√©tout,P. Fressenjat Hrs. Simon,,Coffee,14,M,29 D√©cembre 1815,Dauphin
P√©rou,Veuve Verger,,?,3,F,26 Decembre 1815,Anse la Raye
Savannes,Victorin Prevoteau and Madame Veuve Debans,Meynier,Sugar,74,Co,Dec. 28 1815,Vieux Fort
Bois D'Inde,Jean Louis Gervais,,?,6,M,Dec. 21 1815,Choiseul
Paix Bouche,Fran√ßois Jarla,,Cassava,11,M,15 Janvier 1816,Micoud
L'Incommode,Fran√ßois Stanislas Taillasson and Louis Fran√ßois Doussard,,Sugar,150,M,27 Decembre 1815,Castries
Bon Repos,Joseph Victoire Vincent De Bexon,,Sugar,61,M,6 Decembre 1815,Castries
Des Etangs,Fran√ßois Delcert,Jean Fran√ßois R√©chou,Coffee,20,M,23 Decembre 1815,SoufriËre
L'Hermitage,Jacques Simon,,Coffee,2,M,19 Decembre 1815,Vieux Fort
L'Ind√©pendance,Joseph Beausoleil,,Cotton,28,M,29 Decembre 1815,Choiseul
Trebon,Veuve Michel Trebon,,?,5,F,6 Decembre 1815,Castries
Malgr√© Tout,Desir Branchand,,?,6,M,11 D√©cembre 1815,Vieux Fort
Esp√©rance,Marie Catherine D√©rosier,,Cacao,6,F,3 Janvier 1816,Choiseul
La Jalousie,Veuve Joseph Budin,,Cacao,7,F,16 Decembre 1815,SoufriËre
Beau Sejour,Mme/Mr. Alexandrine Tavernier et Jas...[?]... de Courtine en Societe,,Coffee,34,Co,21 Decembre 1815,SoufriËre
Beau Sejour,Marie Luce Commont,,?,3,F,Dec. 15 1815,Anse la Raye
Chanteloup,Laurent Barthelemy,,Coffee,10,M,28 Decembre 1815,Vieux Fort
Trois Pitons,Le blair Dujon,,"Coffee, Cacao",45,M,5 Janvier 1816,Castries
Le Marquis,Jacques Francois Fournier Letang,,Coffee,26,M,21 D√©cembre 1815,Dauphin
Anse L'yvrogne,Louis Le Curieux (Tenant on property of S. Cl√©r√©t),,?,21,M,22 Decembre 1815,Choiseul
Belle Vue,Theotiste Fondbeau,,Coffee,27,F,9 [?] Janvier 1816,SoufriËre
L'Incommode,Francois Stanislas Taillasson,,Sugar,6,M,27 Decembre 1815,Castries
Anse Noir,"Louise Adelaide veuve Belmar, Sieur Jacques Curieu Belmar, and Le Curieux L'Etang",,?,53,F,23 Dec.1815,Laborie
Belle Vue,De Jannon C. Clarendon,,Sugar,63,M,8 Decembre 1815,Gros Islet
Anse Cochon,Monsieur St. Martin,None,?,38,M,Dec. 23 1815,Anse la Raye
L'Appelle,Rhaitus Schonherr,,?,5,M,23 Decembre 1815,SoufriËre
Morne Girault,Rose Decous dite Aubert,,Coffee,10,F,13 D√©cembre 1815,Gros Islet
Gayard Bois,Pierre Burin Lacorbini√©re,,Cotton,4,M,26 Decembre 1815,Choiseul
Union,Madame Veuve Achard,,Coffee,15,F,27 Decembre 1815,Vieux Fort
Marigot de Roseaux,Laurent Larcher,,Coffee,18,M,27 D√©cembre 1815,Castries
Mopo,Jean Francois St. Jours,,?,2,M,17 D√©cembre 1815,SoufriËre
Bois D'Inde,Marie Anne Brunet,,?,6,F,Nov. 30 1815,Gros Islet
Mon Repos,Marie Louise,,Cassava,2,F,20 D√©cembre 1815,Vieux Fort
Des Soucis,Cools Godefroy,,Sugar,134,M,22 Decembre 1815,Castries
Ravine Sable,Joseph Grey,,Cacao,2,M,Dec. 20 1815,SoufriËre
Bel Air,Joseph Bocage and Company,,?,45,M,Dec. 13 1815,Castries
Bel Air,Veuve Figaire,,Cacao,10,F,16 Decembre 1815,SoufriËre
Bel Air,Chevalier de Bernard,,?,4,M,Dec. 20 1815,Vieux Fort
Fond Jacques,Dominique Christophe Villet,,Coffee,26,M,19 Decembre 1815,SoufriËre
Mont Parnasse,Madame Veuve Couperie,J.M Couperie,?,34,F,21 D√©cembre 1815,?
La Ressource,Savery Martelly,,Sugar,66,M,8 Decembre 1815,Dennery
"Rivi√©re D'Orange, ou Cambon","J. C√¥me Moni√©, fils and [?]as Jore St. Catherine",,Sugar,12,M,22 Decembre 1815,?
Lacuille,Frederic Tharel,,?,21,M,29 Decembre 1815,Dennery
Esp√©rance,Leburieux Grandcour (tenant of M. Pupin),,Coffee,26,M,[?] Janvier 1816,SoufriËre
Ravine Lanaze,Sophie Roblot,,?,1,F,Dec. 26 1815,Choiseul
Imbert,Pauline Loyo,,?,25,F,13 Decembre 1815,SoufriËre
Morne Lacroix,Antoine Cauvin,,"Sugar, Coffee",30,M,27 D√©cembre 1815,SoufriËre
Mon Plaisir,Jean Baptiste Gris,,?,18,M,23 D√©cembre 1815,Praslin
Fond D'or,Hardy du Bocage and Dame Ste. Omer,Le St. F.re Fran√ßois Lacorbini√©re (fils),Sugar,143,Co,29 Decembre 1815,Dennery
Fond Serpent,Pierre Fournier et ses freres mineurs,,?,23,M,25 Decembre 1815,Castries
La Barre des bons Enfans,Nicolas Lastic,,"Coffee, Cacao",24,M,20 Decembre 1815,SoufriËre
L'Hermitage,Jacques Lazare Deligny Lompr√©,,Coffee,10,M,19 Decembre 1815,Choiseul
Bonne Mere,Chaumon,Poisson Bonnaire,?,19,M,Dec. 9 1815,Dauphin
La Charlotte,Veuve Verneuil,Charles Verneuil [Son],?,7,F,18 Decembre 1815,Laborie
Esp√©rance,Jean Louis Xavier,,Coffee,9,M,22 Decembre 1815,Dauphin
Danezan,Sav√©ry Martelly (locataire),,Cassava,16,M,8 Decembre 1815,Dennery
Louisia,Anselm Rivals,,Cassava,4,M,1st January 1816,Micoud
Balatas,Louis Rene Morteau,,Cacao,52,M,27 Decembre 1815,SoufriËre
La Solitude,Fran“´ois Zaminote Languavant,,"Coffee, Cacao",4,M,12 Decembre 1815,SoufriËre
Marquis,Mr. We_ance,James Scott,Sugar,338,M,"28 December, 1815",Dauphin
Bellevue au Petit Trou,Marck Antoine Brossain,,?,25,M,Dec. 21 1815,Laborie
Mont Supplice,Dame Marie Gr√©ause Veuve Vig√©s,,Coffee,11,F,15 D√©cembre 1815,SoufriËre
Jouvence,Fran√ßois Bernard Moni√©,,Coffee,43,M,20 Decembre 1815,Gros Islet
Mont Plaisant,Alexander,Morteau & Maragon,Sugar,42,M,27 D√©cembre 1815,Anse la Raye
Mornet,Marie Ang√©lique Agn√©s Pinel,,Cassava,2,F,6 Janvier 1816,Micoud
Mon D√©sir,H√©l√©ne Guis,,?,10,F,23 D√©cembre 1815,Praslin
Ste. Catherine,Veuve Girard,,Coffee,21,F,21 Decembre 1815,Vieux Fort
La Pens√©e,Raimond Drouilhet,,Coffee,68,M,15 D√©cembre 1815,Castries
Lassource,Jean Marie Batut,,Coffee,37,M,9 Decembre 1815,Dauphin
Belle Vue,Veuve Augustin,,?,6,F,Dec. 26 1815,Castries
Grande Rivi√©re,Louis Isaac Martin Raphael,,Sugar,69,M,18 December 1815,Gros Islet
La Ressource,Honor√© de Bernard,,Sugar,43,M,13 Decembre 1815,Vieux Fort
La Retraite,Raimond Aquart,,Sugar,89,M,20 Decembre 1815,Vieux Fort
Mon Repos,Laporte Dulamouaa,Francois Pelut,Sugar,19,M,28 D√©cembre 1815,Vieux Fort
Anse Lavoute,Thomas Melchior Vincent (son),,?,10,M,20 Janvier 1816,Anse la Raye
Roche Carree,Jean Louis Petit,,Coffee,10,M,29 Decembre 1815,Vieux Fort
La Fidelle,Marie Catherine Guiyot,,"Coffee, Cacao",4,F,20 Decembre 1815,SoufriËre
La Ressource,Clotilde Cavalier,,Cacao,6,F,30 Decembre 1815,Anse la Raye
Raby,Heritiers du Boulay,,Sugar,52,Co,Dec. 19 1815,SoufriËre
La Batterie,Marie Joseph Raimond,,Cassava,8,F,19 Decembre 1815,Laborie
Belle Vue,Hypolite Fourcade,,?,9,M,Dec. 19 1815,Laborie
La Fid√©le,Ren√© Boucher (fils),,?,45,M,15 Decembre 1815,Laborie
Martin,Francoise Descombe,,Cotton,3,F,26 D√©cembre 1815,Choiseul
Solitude,Raimond Darieux,,?,42,M,20 Decembre 1815,Laborie
La Confiance,Jean Marie Laroche Drival,,Sugar,59,M,30 Decembre 1815,Micoud
L'Hermitage,Eustache Simon,,Coffee,4,M,29 Decembre 1816,Vieux Fort
Belle Vue,Francois Clauzel [?] et Mme. Louise Clauzel,,Sugar,36,Co,19 Decembre 1815,SoufriËre
Lagrasse,Pierre and Marie Louise LeMaire,,?,16,Co,25 Decembre 1815,Laborie
La Jalouse,Michel dit St. Jours,,Coffee,11,M,13 Decembre 1815,Choiseul
Cacoyere,Michel Doroth√©,,?,5,M,26 Decembre 1815,Castries
La Perle,Felix Augusta Godard,,Sugar,69,M,22 D√©cembre 1815,Laborie
Beaufond,Pierre Laurent Lafitte,,?,18,M,Dec. 14 1815,Castries
Gringuette,Marie Chevalier Veuve Moger,,Cacao,23,F,23 Decembre 1815,Dennery
St. R√©my,"Dame Louise Ad√©laide Veuve Belmar, Jean Jacques Lecurieux _ and Le Curieux L√©lan [en societ√©?]",,?,47,Co,23 Decembre 1815,SoufriËre
Le Champ de Fleurs,Jean Baptiste Gregoire,,Coffee,15,M,7 Decembre 1815,Castries
Poirere,"Jean, Joseph, and Jacques [?] M√©d√©ric (brothers?)",,Coffee,8,M,28 Decembre 1815,SoufriËre
Belvedere,Rene Brouet,,Coffee,31,M,22 Decembre 1815,SoufriËre
La Perle,Auguste Jean Charles de Sauzay (proprietor and partner with his mother),,Coffee,26,M,24 Decembre 1815,Choiseul
La R√©union,Julien Marcel Chapillon,,Sugar,17,M,15 Decembre 1815,Choiseul
Etage de l'anse Chastenaye,Marie Fran√ßoise Ambeause Veuve Moricette/Moriette,,Coffee,2,F,16 Decembre 1815,SoufriËre
Belle Point,Veuve Antoine,,?,1,F,Dec. 28 1815,?
Belfond,Jean Baptiste Budin,,Cacao,11,M,16 Decembre 1815,SoufriËre
La Jambette,Nicolas Lastic,,Cotton,10,M,20 Decembre 1815,Anse la Raye
Paraclet,Duval Ste. Marthe,,Sugar,25,M,30 Decembre 1815,Laborie
Bastille,Jean Antoine Blasse,,"Coffee, Cacao",25,M,23 Decembre 1815,SoufriËre
Parck,P. Augier,,?,153,M,24 D√©cembre 1815,Laborie
Beau Sejour,Heritiers Barbay,,?,23,Co,Dec. 21 1815,Vieux Fort
Plaisance,Louis Chantin,,Cacao,9,M,26 Decembre 1815,Anse la Raye
Union,Inglis Alice [?],John Murchie,?,250,F,Nov. 22 1815,Castries
La Berlote,Susanne,,?,2,F,Dec. 11 1815,Gros Islet
Union,Pierre Jacques Roches Rupr√©s,,Sugar,65,M,27 Decembre 1815,Praslin
L'Hermitage,Louis Caumont,,Coffee,5,M,23 Decembre 1815,Anse la Raye
La Fidelle,Basile Pr√©vost,,Cacao,3,M,20 Decembre 1815,SoufriËre
Bel Air,"Madame Veuve De Bernard Delomet, Veuve Debernard Rual Delomel, et Rual Delomel [en societe?]",,Sugar,76,Co,6 Janvier 1816,Micoud
Boisette,Philippe Cassel,,?,4,M,Dec. 28 1815,Choiseul
Boucant,Victoire Radigoua dite Belsey,,?,4,F,Dec. 26 1815,Micoud
Du Bourge,Charles Chambor,,Coffee,53,M,19 Decembre 1815,Vieux Fort
Union,Joseph Amable Le Roy de St. Paul,,Coffee,14,M,16 Decembrbe 1815,SoufriËre
Belle Vue,Madam M. Diarmed and her brother Stanlislas Bazile,Robert M Diarmed,Coffee,56,Co,Dec. 30 1815,Laborie
Belle Vue,Jeanne Rose Babonneau,,?,11,F,Dec. 23 1815,Anse la Raye
Belle Vue,Roland Freres,,?,6,M,Dec. 19 1815,Laborie
Calebassier,Marie Joseph Pinel femme Bideaut,,Coffee,13,F,6 Janvier 1816,Micoud
Esp√©rance,Fran√ßois Petit Duruisseau,,Sugar,23,M,13 Decembre 1815,SoufriËre
La Retraite,Pierre Modeste Bertrand L√©non LeVerrier,,Coffee,5,M,19 Decembre 1815,SoufriËre
Esp√©rance,Maynard,,?,52,M,19 Janvier 1816,Dauphin
Concorde,"Marie Ursule, in partnership with her children and with P. Glapion Esq. as attorney",,"Coffee, Provisions",26,Co,Nov. 25 1815,Gros Islet
Rivi√©re Dor√©e and D√©gali√©re,M. J. P. Alexander and Heirs,George Baillie,Sugar,312,?,Jan. 3 1816,Choiseul
Morne Belle Vue,Veuve Dufond,,?,5,F,Jan. 11 1816,?
Bel Air,Joseph Bocage et Compagnie,,?,45,M,Dec. 13 1815,Castries
Fourney,Thibaut Couperie,,Sugar,139,M,15 Decembre 1815,Vieux Fort
The Roseau,"James Muter, 133 of which formerly belonged to Veuve Mahy [?] Lapou_ Du Molier de la Beosse [?]",,Sugar,234,M,29 Decembre 1815,Anse la Raye
La Reunion,"F. Cenac, _ Cenac, Pierre Cenac, and Clauzel",F. Cenac,Sugar,65,M,1815,SoufriËre
Pelca,Jean Louis,,Cotton,3,M,19 Decembre 1815,Dauphin
La D√©sir√©e,Jean Baptiste Jean,,Coffee,2,M,18 Decembre 1815,SoufriËre
Erard,[?],Savery Martelly,Cacao,7,?,8 Decembre 1815,Dennery
La Jalousie,Marie Ursule Veuve G√©d√©on,,Coffee,2,F,22 Decembre 1815,Castries
Roussel,Guillaume Quesmein,,?,14,M,1815,Laborie
Belle Air,Victoire Reine,,?,9,F,Dec. 27 1815,SoufriËre
Morne L'esp√©rance,Demoiselle Marie anne Forestier de Volieres,,?,28,F,8 D√©cembre 1815,Dauphin
La Belle Etoile,Perfect [?] Celeste Cenac,,?,15,F,Dec. 15 1815,?
Darrie,Madame Veuve Roujol- owns plantation; Jean Pierre Imbert- owns enslaved people,,Coffee,9,Co,20 Decembre 1815,Castries
Mauvais Tempes,Louis Laribardiere,,Coffee,11,M,1815,Gros Islet
La Loi,The heirs Fort D'Esmangles,,Coffee,20,Co,29 Decembre 1815,Vieux Fort
Mon Repos,de Rufin fils fr√©re et soeur,,Cotton,3,?,13 D√©cembre 1815,Laborie
La Rejouissance,Madame Marie Vitalis Veuve Lastie,,Coffee,35,F,19 Decembre 1815,SoufriËre
Mongouge,Marie Reine,,Cotton,8,F,12 D√©cembre 1815,Choiseul
Escarpe,Jean Verneuil,,?,7,M,21 Decembre 1815,Laborie
De Barbier,De Barbier and Frederick Tharel,,?,63,M,19 Decebre 1815,Castries
Le Fond,Jacques Robein,,"Coffee, Sugar",4,M,21 Decembre 1815,SoufriËre
